title,artist,mappers,difficulties_amount,version
Fascination MAXX,100-200-400,Crucru03,1,1
Suzuya Homerarete Nobiru Type Nandesu,166,M4eu,1,1
NS22,3034,Noobisnotbad1,1,1
Breakout,3D Dot Game Heroes,Username_NotRequired,1,1
Star Rider,3R2,Azurlexx,1,1
House,3rd Prototype & Emdi,Cruwev,1,1
Forbidden,403 ERROR xi vs. ZUMMER,Azurlexx,1,1
666,Roughsketch,Waterbottle317,1,1
Bury Me Low,8 Graves,Crucru03,1,1
Smoked Turkey Rag,a hisa,UsernameNotRequired,1,1
Mario Canyon,Ñ½Ñ¦kíÒ,Username_NotRequired,1,1
beepbit ⁂ futures,AAAA vs. Frums,Azurlexx,1,1
Hoshizora no kanran-sha,AAAA,BluPros,1,1
"Sakase Natsuzora, Koi no Hana.",AAAA + yadrigg,Azurlexx,1,1
Dancin (KRONO Remix) Brazilian Portugese Cover,Aaron Smith,FrozeniumZ,1,1
Dancin (KRONO REMIX) (Frozentual Cover),Aaron Smith,FrozeniumZ,1,1
Coma,Ace Aura,ZitroNitro,1,1
Flow,Ace Aura,WaterBottle317,1,1
Crazy on Emotion,Ace,Username_NotRequired,1,1
Wait For You,Ace,Username_NotRequired,1,1
Memory Lane,AcesToAces,ZitroNitro,1,1
Cryptik Dance,Ade,Crucru03,1,1
Music (Day Theme),Adopt Me!,Avibah4uu2 & Noobisnotbad1 & Frozentual & AshFromKaaba,1,1
Dust and Rain,Adust Rain,KindClutch,1,1
Otherside Dance Fall!!!,Adust Rain,KindClutch,1,1
Psychology,Adust Rain,Water,1,1
Before The End,Aekhlorią,nextro420,1,1
FIGHT,Aests,Pinchyl,1,1
Killer,Aeswa,fogsaturate,1,1
Triangles,AGOSTI,OKZitro,1,1
Onegai Muscle,Ai Fariuz,Naoriwa,1,1
say you like my stuff,aimaiitsu,Avibah4uu2,1,1
Nimensei Uraomote Life!,Aimi Tanaka,M4eu,1,1
Suomi,Aire,keldeoroks,1,1
Monochrome Butterfly (Sped Up),Aitsuki Nakuru,mm1678YT,1,1
Doraemon (Sped Up),Akatsuki,Plxsma_RBLX,1,1
Ether Strike,Akira Complex,HaxagonYT,1,1
250bpm,Akira Yamaoka,OKZitro,1,1
Enigma Helix,akq  Redeilia,GDWither,1,1
Axium Crisis,ak+q,Azurlexx,1,1
KAHOOT IT (Remix),Alf Inge Wang,doofyplayer,1,1
Clockwork,Alias Conrad Coldwood,OKPalco,1,1
Front Gate,Alias Conrad Coldwood,Crucru03,1,1
Pepper Steak,Alias Conrad Coldwood,Crucru03,1,1
The Meaning Of His Tears,Alias Conrad Coldwood,OKPalco,1,1
The Race Of a Thousand Ants,Alias Conrad Coldwood,OKPalco,1,1
Windows Licking,Alias Conrad Coldwood,Crucru03,1,1
Tsumamix,Alicemetix,DyamoDash,1,1
Ramen Jiro Mashup,Alicemetix_VIP,DyamoDash,1,1
Space Time (Amane Hardcore remix),Amane,OKZitro,1,1
Berdthday boy,an0nymooose,Meteor_Melee,1,1
dancing all night,android52,OKZitro,1,1
Twinkle,Angeart,Miles_Anarsk & AshFromKaaba,1,1
Knock Knock,Angerfist,WaterBottle317,1,1
Biotonic,ani,reallyawesomestuff,1,1
Tetris Speedcore Remix,Annoying Ringtone,OKMasterz,1,1
The 8th Era Short Cut,Anthony Donato,GDWither & gold_wolf,1,1
The Scales of Struggle,Anthony Donato,GDWither,1,1
Clockwork Spooks,antiPLUR,Avibah4uu2,1,1
Speed of Link,AntiPLUR,GDWither,1,1
Mirzam,Aoi vs. siqlo,superluigizero,1,1
Permafrost,Aoi,GDWither,1,1
Re:VeLΔTiØN,Apo11o Program vs NeLiME OVERDRIVE,TotoPowah,1,1
Re:incRnaTiØN ～夕焼ケ世界ノ決別ヲ～,Apo11o program,superluigizero & Azurlexx,1,1
MONSTER,APPROACHING NIRVANA,GDWither,1,1
Jingle Bells ga Tomaranai,Aqours,M4eu,1,1
Mijuku DREAMER,Aqours,M4eu,1,1
"Hello, Gordon! (Dr. C's Bumpin' Mix)",Aquacycle,DyamoDash,1,1
Psylent Crazy Night,aran & Kobaryo,ZitroNitro,1,1
L.F.O,aran,GDWither,1,1
Altros,ARForest,Naoriwa,1,1
Journey,ARForest,Iamuss76 & superluigizero,1,1
Kegare Naki Bara Juuji,Ariabl'eyeS,OKZitro,1,1
Contingency Contract 1,Arknights,OKZitro & DyamoDash,1,1
ZEИITH,Ashrount vs. polysha,Azurlexx,1,1
Boo Hoo,Assertive Fluttershy,Username_NotRequired,1,1
Astronomia (Camellia Remix),Camellia,EA_Crazed,1,1
Wario's Gold Mine,Asuka Ota & Ryo Nagamatsu,Username_NotRequired,1,1
Wii Rainbow Road (Remix),Asuka Ota,Username_NotRequired,1,1
Memme,Avalanche,WaterBottle317,1,1
Levels (8-bit Remix),Avicii,Username_NotRequired,1,1
boku-boku (SuketchP Remix),AVTechNO,Iamuss76,1,1
100sec Cat Dreams,Ayatsugu Revolved,Naoriwa,1,1
Teichopsia,Ayiko ft. Shoko,Azurlexx,1,1
Koyoi mofumofu!!,Azumi Waki,AddictedToping,1,1
Dead Body Reported,A_A_RonHD,Meteor_Melee,1,1
Take on Me (Milkshake's Silly DnB Mix),a-ha,Username_NotRequired,1,1
"Cheshire,s Dance",a_hisa,gold_wolf,1,1
Star Prism,a_hisa,ZitroNitro,1,1
Tokei no Heya to Seishin Sekai,a_hisa,gold_wolf,1,1
Purge,BadKlaat & Kompany,Eipcness99,1,1
Beethoven Virus,Banya,UsernameNotRequired,1,1
Baqua ighallag farodaf progabarebc equilea dolugheg,Master Boot Record,Waterbottle317,1,1
Gadget Room,Bart Roijmans,Username_NotRequired,1,1
Super 3D Space Jam World 64,Based King Potato,Meteor_Melee,1,1
CRADLESW,sub urban,azer,1,1
Night of Knights (Cranky Remix),beatMARIO,EA_Crazed,1,1
Night of Nights (USAO Remix),beatMARIO,DyamoDash,1,1
Crazy,BEAUZ & JVNA,skippingbee,1,1
birb,BelowAmateur,Meteor_Melee,1,1
birb (VIP),BelowAmateur,Meteor_Melee,1,1
Tem Shop Glitch Hop (Remix),Ben Briggs,Axarea,1,1
Be My Extratone,DJKurara,dyamodash,1,1
Tutorial B3Remixed,Biddle3,Frozen,1,1
Sevcon,Big Giant Circles,AzureWolfie,1,1
Furret Walk (Frozentual Corrupted Remix),Big Memer,Suyolite,1,1
Hamburger Cheeseburger Big Mac Whopper,bigwillystatus,Noobisnotbad1,1,1
Dadadada Windows,Bill Gates,DyamoDash,1,1
alphabet shuffle,bill wurtz,Meteor_Melee,1,1
and the day goes on,bill wurtz,Meteor_Melee,1,1
at the airport terminal,bill wurtz,Avibah4uu2,1,1
i don't wanna go to school,bill wurtz,Username_NotRequired,1,1
i'm a diamond,bill wurtz,Username_NotRequired,1,1
i'm best friends with my own front door,bill wurtz,Meteor_Melee,1,1
La de da de da de da de day oh,bill wurtz,X3Corsaka,1,1
maybe i could eat blades of grass,bill wurtz,Meteor_Melee,1,1
might quit,bill wurtz,Meteor_Melee,1,1
the moon is made of cheese (but i can't taste it),bill wurtz,Meteor_Melee,1,1
Just Dash and Dodge,Billy Robertson,GDWither & TotoPowah,1,1
Antithese,Blacklolita,nextro420,1,1
WEAVER ft. lilac,Blackwinterwells,KindClutch,1,1
"HAVOX (Camellia ""XATAXLYSM"" Remix)",BlackY vs. Yooh,BatBrice,1,1
Depravity ClimaXXX,BlackY,WaterBottle317,1,1
"β (Camellia's ""βlΑst-Ωff"" Remix)",BlackY,EA_Crazed,1,1
BLACK or WHITE,BlackYooh vs. siromaru,M4eu & Iamuss76 & BatBrice,1,1
BLACK OR WHITE (SDVX Edit),BlackYooh,TotoPowah,1,1
B-Start Up,Blank Banshee,GDWither,1,1
Flat World Plain Asia,BLANKFIELD,Water,1,1
Goodbye,BLANKFIELD,nextro420,1,1
Garden Party,Blarsa,GDWither,1,1
my time,bo en,HaxagonYT,1,1
my time (OMORI ver.),bo en,ZitroNitro,1,1
Trance Music for Racing Game,Bobby Cole,Noobisnotbad1,1,1
Bad Stuff Happens In The Bathroom,Bob's Burgers,Iamuss76,1,1
Firewall,Boom Kitty,Crucru03,1,1
Holy War,Boom Kitty,Crucru03,1,1
P Song,Boom Kitty,Username_NotRequired,1,1
Be Gone Mr. Gawne,Bossfight,Username_NotRequired,1,1
Elevatia,Bossfight,M4eu,1,1
Flirt Flirt Oh It hurts,Bossfight,DyamoDash,1,1
Milky Ways,Bossfight,Crucru03,1,1
Okiba Crackdown,Bossfight,M4eu,1,1
Partyt Ar Igang,Bossfight,UsernameNotRequired,1,1
"Wobbly Tooth, Crunchy Apple",Bossfight,Azurlexx,1,1
Happy New BPM 2020,Kobaryo,EA_Crazed,1,1
BPMRT,tpazolite,DyamoDash,1,1
Ice Cream and Cake,Buckwheat Boyz,Meteor_Melee,1,1
Blippblipp,Bunnymajs,Crucru03,1,1
When I use it,Buster Nalmi,DyamoDash,1,1
Nisemono Chuuihou,B-ko (CV Touyama Nao),WaterBottle317,1,1
Dry Hands,C418,Robineesti11,1,1
Strad,C418,Plxsma_RBLX,1,1
Lit Fuse,Cacola,OKZitro,1,1
"Excuse My Rudeness, but Could You Please RIP?♡ (Nhato Remix)",Calliope Mori,ZitroNitro,1,1
"Excuse My Rudeness, but Could You Please RIP?♡ (t+pazolite Remix)",Calliope Mori,DyamoDash,1,1
Blastix Riotz,Camellia as Bang Riot,GDWither,1,1
BANGER A.H. BROOOO!!!,"Camellia as ""Bang Riot""",Azurlexx,1,1
Chasing the Wing,Camellia ft. Camellia,KindClutch,1,1
Iro wo Ushinatta Macchi,Camellia ft. Camellia,gold_wolf,1,1
Looking for Edge of Ground,Camellia ft. Hatsune Miku,gold_wolf,1,1
"Lowermost Revolt (""Jeremiad"" Long ver.)",Camellia ft. Kagekiha Gakusei,ZitroNitro,1,1
Night Fog,Camellia ft. Luschel,Azurlexx,1,1
Bassdrop Freaks,Camellia ft. Nanahira,AddictedToping,1,1
"Good Food in the Microwave☆Electronic Processor Uses 4,000 Years of Chinese Culinary History to Instantly Reconcile the Cuisines of Northern Europe",Camellia ft. Nanahira,DyamoDash,1,1
Honey Trap,Camellia ft. Nanahira,andrew2005689,1,1
PAPAYAPA BASS (BASSE DE NANA long ver.),Camellia ft. Nanahira,ZitroNitro,1,1
Rainbow,Camellia ft. Nanahira,Username_NotRequired,1,1
Senpai Notice Me,Camellia ft. Nanahira,WaterBottle317,1,1
Super-Slow-Internet-san,Camellia ft. Nanahira,gold_wolf,1,1
When you say Hai this song is gonna be go insanely fast,Camellia ft. Nanahira,Azurlexx,1,1
ƒiиorzᾶ,Camellia ft. Nanahira,Azurlexx,1,1
Railgun Roulette,Camellia vs. Akira Complex,Crucru03 & Azurlexx,1,1
SUPER HYPER MIRACLE FANTASY PARADE,Camellia vs. DJ Genki,Azurlexx,1,1
Bangin Burst VS. Invitation F,Camellia vs C-Show,EA_Crazed,1,1
Alone Intelligence,Camellia,Azurlexx,1,1
An Artifice,Camellia,gold_wolf,1,1
Another Xronixle,Camellia,gold_wolf,1,1
Arche,Camellia,Avibah4uu2,1,1
Bangin' Burst,Camellia,DyamoDash,1,1
"Bangin' Burst (""Outburst"" Long ver.)",Camellia,OKZitro,1,1
Bassline Yatteru (ft. Nanahira),Camellia,Iamuss76,1,1
Be Wild ft. Yukacco,Camellia,aaddggjjll1234,1,1
Berserkerz Warfare 345,Camellia,nextro420,1,1
Beyond the Geostationary Orbit Level,Camellia,Azurlexx,1,1
Bloody Kiss,Camellia,ZitroNitro,1,1
Body F10ating in the Zero Gravity Space,Camellia,Azurlexx,1,1
Chirality,Camellia,Plxsma_RBLX,1,1
Crystallized,Camellia,HaxagonYT,1,1
Dance With Silence,Camellia,ZitroNitro,1,1
Diastrophism,Camellia,TotoPowah,1,1
Dyscontrolled Galaxy,Camellia,iMasterzzRBLX,1,1
Dyscontrolled Galaxy (Apoptosis long ver.),Camellia,OKZitro & gold_wolf,1,1
Embracing Intelligences,Camellia,Azurlexx,1,1
ENTRANS OF DA JUNGLE,Camellia,BasedSammy,1,1
EXiT this Earths Atomosphere,Camellia,mm1678YT,1,1
Exit This Earth's Atomosphere [PLANETARY REMIX],Camellia,BluPros,1,1
Fastest Crash,Camellia,ZitroNitro,1,1
Fastest Crash (Camellia's 'paroxysmal' Energetic Hitech Remix),Camellia,ZitroNitro,1,1
Feelin' Sky (Camellia's 200step Self-remix),Camellia,Plxsma_RBLX,1,1
First Town of This Journey,Camellia,M4eu,1,1
Galaxy Burst,Camellia,BasedSammy,1,1
GALAXY BURST (lapix remix),Camellia,ZitroNitro,1,1
I Can Fly in the Universe,Camellia,gold_wolf,1,1
Illegal Trap,Camellia,OKZitro,1,1
Insecticide,Camellia,WaterBottle317,1,1
K.Y.A.F.A.,Camellia,ZitroNitro,1,1
Killerbeast,Camellia,Waterbottle317,1,1
KillerToy,Camellia,ZitroNitro,1,1
Light It Up,Camellia,Plxsma_RBLX,1,1
Lunatic Rough Party,Camellia,Plxsma_RBLX,1,1
Lúin Øf CeltchaЯ,Camellia,Azurlexx,1,1
Mazare Party ft. kradness Nanahira and yukacco,Camellia,BasedNA,1,1
Mushi no Sumu Tokoro,Camellia,doofyplayer,1,1
Nacreous Snowmelt,Camellia,M4eu & Iamuss76 & BasedSammy & skippingbee & TotoPowah & Julienlemab & nextro420 & gold_wolf & IMasterzzRBLX & Naoriwa & reallyawesomestuff & Haxagon & X3Corsaka & ZitroNitro & Azurlexx,1,1
EDM Jumpers,Camellia & Nanahira,OKZitro,1,1
Nasty * Nasty * Spell,Camellia,Azurlexx,1,1
Night Raid With A Dragon,Camellia,ZitroNitro,1,1
NIGHTMARE CITY,Camellia,Azurlexx & aaddggjjll1234,1,1
No Heroes Are Allowed To Enter,Camellia,Azurlexx,1,1
NUCLEAR-STAR,Camellia,Plxsma_RBLX,1,1
OOPARTS,Camellia,ZitroNitro,1,1
PAPAYAPA BASS ft. Nanahira,Camellia,BasedSammy,1,1
paroxysm,Camellia,OKZitro,1,1
POLYBIUS GB SPEEDRUN (Glitchless 100% WR in 0:03:57),Camellia,Azurlexx,1,1
POWA OF DA WILDANES,Camellia,BasedSammy & ob1cb & CruCru03 & HaxagonYT & GDWither & gold_wolf & OKPlxsma & andrew2005689 & TotoPowah & BatBrice & M4eu & Dyamodash & nextro420 & julienlemab & ZitroNitro & iMasterzzRBLX & Azurlexx,1,1
Quaoar,Camellia,Azurlexx,1,1
Quicksand,Camellia,nextro420,1,1
Qyoh,Camellia,TotoPowah,1,1
R U Still XXXX?,Camellia,Azurlexx,1,1
Routing,Camellia,HaxagonYT,1,1
SCREW // owo // SCREW,Camellia,ZitroNitro,1,1
SECRET BOSS,Camellia,Azurlexx,1,1
Speed Star Kanade,Camellia,WaterBottle317,1,1
Speedrun,Camellia,WaterBottle317,1,1
Spin Eternally,Camellia,ZitroNitro & Azurlexx,1,1
Superluminal Absolutely EXTRA-TONE-ordinary Bumpy Ride,Camellia,HaxagonYT,1,1
Syzygia,Camellia,BasedSammy,1,1
The King Of Lions,Camellia,ob1cb,1,1
THE MUZZLE FACING,Camellia,Azurlexx,1,1
This Future (We Didn't Expect),Camellia,Azurlexx,1,1
Beneath The Towering Castle,Camellia & Toby Fox,Azurlexx,1,1
"Together forever, my lovely lovely video game cartridges",Camellia,RealBobTheBlob,1,1
Tojita Sekai,Camellia,gold_wolf,1,1
Tornado,Camellia,Avibah4uu2,1,1
Towards The Horizon,Camellia,GDWither & DyamoDash,1,1
Ultimate Ascension,Camellia,WaterBottle317,1,1
Venomous Firefly,Camellia,GDWither,1,1
We Could Get More Machinegun Psystyle,Camellia,gold_wolf,1,1
Welcome to the Cyphisonia,Camellia,Azurlexx,1,1
Werewolf Howls,Camellia,WaterBottle317,1,1
Xeroa,Camellia,Plxsma_RBLX,1,1
Xronier,Camellia,Avibah4uu2,1,1
[BLEED BLOOD],Camellia,Azurlexx,1,1
=El=Dorado=,Camellia,OKZitro,1,1
+ERABY+E CONNEC+10N,Camellia,Azurlexx,1,1
"*Erm, could it be a Spatiotemporal ShockWAVE Syndrome...?",Camellia,Azurlexx & OKZitro,1,1
*Feels Seasickness...*,Camellia,ZitroNitro & Azurlexx,1,1
///Under Construxion///,Camellia,M4eu,1,1
∀NØMALY,Camellia,HaxagonYT,1,1
"∀NØMALY (Camellia's ""MUT∀TION"" Schranz Remix)",Camellia,ZitroNitro,1,1
δ:for the DELTA,Camellia,Azurlexx,1,1
Do the Mario,Captain Lou Albano,Username_NotRequired,1,1
"Revenge (Reek's ""Dude, Whats A Genre?"" Remix)",CaptainSparklez,ob1cb,1,1
WE EAT AT FIVE FIVE FIVE,Cardboard Box vs. STereoChan,GDWither,1,1
The Limit Does Not Exist,Cardboard Box,Plxsma_RBLX,1,1
Lycanthropy,Cardi,AzureWolfie,1,1
On & On,Cartoon,Iamuss76,1,1
Mr. Krabs' Smallest Violin (HARDCORE Remix),Cashew,Username_NotRequired,1,1
High School Conflict (FNF Mod),Celeste,Meteor_Melee,1,1
Weaponized,Celldweller,reallyawesomestuff,1,1
Big Chungus,CG5,Username_NotRequired,1,1
Despicable Punk,CG5 & Pharrell Williams,UsernameNotRequired,1,1
Tokimeki Poporon,Chimame-tai,M4eu,1,1
My Shiny Teeth and Me,Chip Skylark,UsernameNotRequired,1,1
Focus,chipzel,Cruwev,1,1
Spectra,Chipzel,AzureWolfie,1,1
Etude Op.10 No.5 'Black Keys' REMIX,Chopin,Water,1,1
Krab Bop Channel,Chris Kogos,UsernameNotRequired,1,1
Pizza Time,Chris Kogos,Username_NotRequired,1,1
A Perfect Hero,Chris Stanton,Username_NotRequired,1,1
Black Emperor,Chroma,Azurlexx,1,1
Dark Sheep,Chroma,Plxsma_RBLX,1,1
Farewell My Friend,Chroma,Azurlexx,1,1
Field : Kaerezu no Chi,Chroma,Azurlexx,1,1
Hoshi ga Furanai Machi,Chroma,Azurlexx,1,1
I,Chroma,HaxagonYT,1,1
I Purchased Dogs' Bark Samples,Chroma,Azurlexx,1,1
I (L. Mity Remix),Chroma,nextro420,1,1
LALA,Chroma,CNMCqiqi,1,1
Lonely departure,Chroma,Azurlexx,1,1
Made In Love,Chroma,WaterBottle317,1,1
Ryuseigun ni aeta natsu,Chroma,Azurlexx,1,1
Sayonara Planet Wars (Full),Chroma,ZitroNitro,1,1
sink to the deep sea world,Chroma,gold_wolf,1,1
Space Diver Tama,Chroma,Azurlexx,1,1
Sudden Visitor,Chroma,DyamoDash,1,1
The first snowfall on my secret base,Chroma,Azurlexx,1,1
tiny tales continue,Chroma,Azurlexx,1,1
Groovin Movin,Cicadasirensmusic,Noobisnotbad1,1,1
FIRST,Cillia,Iamuss76,1,1
Tough Struggle,Citokid,mm1678YT,1,1
Ji-eun's Sunset,City Girl,reallyawesomestuff,1,1
PARANOiA Revolution,CLIMAX OF MAXX 360,Crucru03,1,1
From Here,CloudNone,GDWither,1,1
Toilet,Clown Core,BasedSammy & ob1cb,1,1
No Running!!,Coakira,DyamoDash,1,1
Bloody Stream,Coda,Username_NotRequired,1,1
Fighting Gold,Coda,AddictedToping,1,1
Tires of Fire,Coda,ZitroNitro,1,1
Christmas in Snowdin,Coffee K,mm1678YT,1,1
20000,ColBreakz,Azurlexx,1,1
Arcade,Colbreakz,ZitroNitro,1,1
Gourmet Race,Colbreakz,Meteor_Melee,1,1
theyaremanycolors,Frums,Waterbottle317,1,1
How to sound like Camellia,Composerily,Water,1,1
All Me,Conro,ELDragonPL,1,1
I Wanna Know,Conro,Uli6636,1,1
Aki nation,COOL&CREATE,AzureWolfie,1,1
R.I.P. in the Gossip Sea,cosMo@BousouP ft. Gumi,M4eu,1,1
Oceanus,cosMo@BousouP,Iamuss76,1,1
Bamboo Sword Girl,cosMo@Bousou-P ft. GUMI,DyamoDash,1,1
Cradles,Sub Urban,ob1cb,1,1
La Campanella Nu Rave,Cranky,Crucru03,1,1
I'VE GOT NO FRIENDS,crappyflute,ZitroNitro,1,1
Carnivores,Creo,OKZitro,1,1
Challenger,Creo,Crucru03,1,1
Crazy,Creo,Robineesti11,1,1
Dark Tides,Creo,Robineesti11,1,1
Dimension,Creo,X3Corsaka,1,1
Epilogue,Creo,Azurlexx,1,1
Octane,Creo,Robineesti11,1,1
Red Haze,Creo,Robineesti11,1,1
End time,CRES,ob1cb,1,1
Red Shift,Cubed,M4eu & DyamoDash,1,1
Impulse,Culprate & Au5,Plxsma_RBLX,1,1
Finger VIP,Culprate,GDWither,1,1
Get smooshed!,Cursedsnake,DyamoDash,1,1
Surprise,cute girls doing cute things,Azurlexx,1,1
Classic Pursuit,cYsmix,OKMasterz,1,1
Fright March,cYsmix,OKMasterz,1,1
Peer Gynt,cYsmix,OKZitro,1,1
CRUtAN,CYSYS8993,ZitroNitro,1,1
The Whole Rest,Cytus II,Naoriwa,1,1
An Invitation From Mr. C,C-Show,iMasterzzRBLX,1,1
Ms. Rave & Mr. Bounce,C-Show & DJ Noriken,OKZitro & Azurlexx,1,1
LubedeR,C-Show,Azurlexx,1,1
Music is The Answer,C-Show,Username_NotRequired,1,1
On The FM,C-Show,iMasterzzRBLX,1,1
"Burger, Nuggets",Daft Punk,BatBrice,1,1
"Harder, Better, Faster, Stronger (Remix)",Daft Punk,Plxsma_RBLX,1,1
One More Time (Hydro Mix),Daft Punk,skippingbee,1,1
All My Life,Daiki Kasho,TotoPowah,1,1
Astronomia (USAO a.k.a Daily Mix),Daily,DyamoDash,1,1
-+,daisan,BlueyGD,1,1
MINECRAFT CREEPER RAP,Dan Bull,Noobisnotbad1,1,1
Poems Are Forever,Dan Salvato,AddictedToping,1,1
Dangerous Slot,Laur,"Water,ob1cb & fogsaturate",3,1
Dangerous Slot,Laur,"Water,ob1cb & fogsaturate",3,1
Jojo Wrap-Up,Daniel Ingram ft. Coda,UsernameNotRequired,1,1
Flawless,Daniel Ingram,Username_NotRequired,1,1
Smile Song (Foozogz Remix),Daniel Ingram,Username_NotRequired,1,1
Long Live The New Fresh,Danimal Cannon,WaterBottle317,1,1
Logic Gatekeeper,Danimal Cannon & Zef,AzureWolfie,1,1
Uz,DaniwellP,KindClutch,1,1
The Battle of Lil' Slugger,Danny Baranowsky,ZitroNitro,1,1
Frontier Justice,Dapper Dog,DyamoDash,1,1
CRAZY MILK,dark cat,ZitroNitro,1,1
Stars Align,dark cat,HaxagonYT,1,1
Underwater Pool,dark cat,trippleAAA3three,1,1
Sandstorm (DidrickRemix),Darude,BatBrice,1,1
Scum (MONXX Remix),Datsik,BatBrice,1,1
Tri Poloski,Davay,Username_NotRequired,1,1
All I Want for Christmas is You,Dave Rodgers,Username_NotRequired,1,1
Beat of the Rising Sun,Dave Rodgers,Username_NotRequired,1,1
Deja Vu (Remix),Dave Rodgers,Username_NotRequired,1,1
Saturday Night Fever,Dave Rodgers,UsernameNotRequired,1,1
Space Boy,Dave Rodgers,Username_NotRequired,1,1
Sweet Victory,David Glen Eisley,Username_NotRequired,1,1
Titanium (Nightcore),David Guetta,mm1678YT,1,1
Double Rainboom Easy,David Larsen ft. MandoPony,UsernameNotRequired,1,1
Scooby Doo (Where Are You?) Theme Song,David Mook,Crucru03,1,1
Sinking Ships (SlyphStorm Remix),Dawn Somewhere,Username_NotRequired,1,1
The Only Sword I Can Swing,DaymanOurSavior,DyamoDash,1,1
Ground Zero,DAϟH,AshFromKaaba,1,1
The Devil Plays Dance Games,dbk2,gold_wolf,1,1
xajncs jsnadet,DeadlyBeats,DyamoDash,1,1
Monophobia,deadmau5 ft. Rob Swire,Username_NotRequired,1,1
Death Brekfast,Filthy,nextro420,1,1
Hibana,DECO*27,mm1678YT,1,1
Miami Hotline Vol.3,Demonicity,Username_NotRequired,1,1
Undone,Desmeon,diamondKing6432,1,1
Annihilate,Destroid,TotoPowah,1,1
Golden Haze,Detious,DyamoDash,1,1
Volcanic,DETRO,Plxsma_RBLX,1,1
Volcanic (Full),DETRO,DyamoDash,1,1
Unarmed,Dex Arson ft. Emily Abela,OKZitro,1,1
Bipolar Bossfight Remix,Dex Arson,Crucru03,1,1
Immunity,Dex Arson,Crucru03,1,1
Crazy Beauties,Diabarha,BasedSammy,1,1
Dead Zone,Diabarha,EA_Crazed,1,1
Haunted Dungeons,Diabarha,EA_Crazed,1,1
Laser on Her Forehead,Diabarha,EA_Crazed,1,1
Paranoid,Diabarha,EA_Crazed,1,1
Romantic Story of the Prodigal Daughter,Diabarha,EA_Crazed,1,1
Haunted Dungeons,Diabarha,Ender,2,1
Die In Your Arms Tonight,M1dlet,EA_Crazed,1,1
Omg,Different Heaven,andrew2005689,1,1
Forsaken Neon,Dimrain47,Username_NotRequired & Azurlexx,1,1
Infernoplex,Dimrain47,GDWither,1,1
Surface,Dimrain47,Username_NotRequired,1,1
Twilight Techno,Dimrain47,Username_NotRequired,1,1
Midnight Sky,Dirty Androids,Suyolite,1,1
Hammer,Dirtyphonics & Sullivan King,ob1cb,1,1
Vantablack,Dirtyphonics & Sullivan King,Azurlexx,1,1
Fucking Disgusting Scum,Seifuku Yangire,dyamodash,1,1
Over Sky,DJ Genki ft. Yukacco & moimoi,Azurlexx,1,1
Rainbow Dream,DJ Genki ft. Yukacco,EA_Crazed,1,1
Sunshine,DJ Genki vs. Camellia ft. moimoi,EA_Crazed,1,1
YELL!,DJ Genki VS Camellia ft. moimoi,EA_Crazed,1,1
Einherjar Joker,Dj Genki vs Gram,nextro420,1,1
Catapult Marshmallow,DJ Genki vs Kobaryo,EA_Crazed,1,1
Noisy Minority,DJ Grimoire,Crucru03,1,1
Vajra,DJ Grimoire,ZitroNitro,1,1
Beefzone,DJ Joel,DyamoDash,1,1
Prismatic Lollipops!,Dj Mashiro,WaterBottle317,1,1
ICEBLAST,DJ Myosuke ft. Filthy,GDWither,1,1
Destiny of the Speed,DJ Myosuke,AshFromKaaba,1,1
GENOCIDER,DJ Myosuke,DyamoDash,1,1
JINGLE DEATH,DJ Myosuke & Gram,DyamoDash,1,1
Killing Rhythm,DJ Myosuke,DyamoDash,1,1
Livingdead,DJ Myosuke,DyamoDash,1,1
Neverland,DJ Myosuke,EA_Crazed,1,1
Architecture,DJ Myosuke & Noizenecio,GDWither,1,1
Succession,DJ Myosuke,EA_Crazed,1,1
Temporary Euphoria,DJ Myosuke,EA_Crazed,1,1
Ultimate Angel,DJ Myosuke,DyamoDash,1,1
Winter Death,DJ Myosuke,DyamoDash,1,1
Clubstep,DJ Nate,mm1678YT,1,1
Electrodynamix,DJ Nate,mm1678YT,1,1
God Complex Rmx,DJ Nate,DyamoDash,1,1
The Beginning of Time,DJ Nate,Username_NotRequired,1,1
Theory Of Everything 2,DJ Nate,mm1678YT,1,1
Stargazer (PSYQUI Remix),DJ Noriken ft. YUC'e,AddictedToping,1,1
La'qryma of the Wasteland,DJ Noriken,Based & GDWither,1,1
#Magicalgirl_Syndrome,DJ Noriken,Crucru03,1,1
Speed of Light,DJ Okawari ft. Ai Ninomiya,OKZitro,1,1
We Luv Lama (Easy Version),DJ Sharpnel,Foxes_2,1,1
11Eleven,DJ Sharpnel,Duckocute & mm1678YT & Meteor_Melee,1,1
Pants,DJ Sharpnel,HaxagonYT,1,1
WE LUV LAMA,DJ Sharpnel,DyamoDash & gold_wolf,1,1
Teleportation de yattekita kare to no sonogo no tenmatsu,dj TAKA ft. Nakuru Aitsuki,DyamoDash,1,1
Quaver,DJ TAKA,mm1678YT,1,1
Quaver DJ Mashiro Remix,DJ Taka,M4eu,1,1
Chronoxia,DJ Totoriott,OKMasterz,1,1
STULTI,DJ TOTTO VS MAX MAXIMIZER,GDWither,1,1
The 5th KAC DJ TOTTOs SELECTION,DJ TOTTOs Remix,KindClutch,1,1
FULL MEME NIGHT,DJ UNDERJOY vs his recorder,gold_wolf & DyamoDash,1,1
Low Tetris Beatbox,DJ Verbalase,Meteor_Melee,1,1
Sonic Beatbox Solo,DJ Verbalase,Meteor_Melee,1,1
FLOWER (REDALiCE Remix),DJ YOSHIKATA,KindClutch & EA_Crazed,1,1
Evans,DJ YOSHITAKA,Username_NotRequired,1,1
violentiam,DjGitsu,ZitroNitro,1,1
Everybody Dance Killer,DJKurara,Azurlexx,1,1
You Will Be Speed My Tetris,DJKurara,Avibah4uu2 & AshFromKaaba,1,1
Amp It Up,DJVI,Username_NotRequired,1,1
Back on Track,DJVI,Username_NotRequired,1,1
Can't Let Go,DJVI,Username_NotRequired,1,1
Dry Out,DJVI,UsernameNotRequired,1,1
Palette GAMMA,DJ'TEKINA//SOMETHING,HaxagonYT,1,1
merciful,DM DOKURO vs. ferrofluid,Kanteer,1,1
Fly of Beelzebub,DM DOKURO,OKZitro & DyamoDash,1,1
SAVE,DM DOKURO,Azurlexx,1,1
Scourge of the Universe,DM DOKURO,ZitroNitro & Robineesti11,1,1
Siren's Call & Forbidden Lullaby,DM DOKURO,DyamoDash,1,1
uNDeRWoRLD MoNaRCHy,DM vs. POCKET,DyamoDash,1,1
Flashes,Dollscythe,ZitroNitro,1,1
Etherial Choir Ascends,Doug Maxwell/Media Right Productions,Avibah4uu2,1,1
Hangin' with the Worms,Doug Maxwell/Media Right Productions,Avibah4uu2,1,1
Pyro,Dread Pitt,Neko_Mao,1,1
Moskau (Camellia's Handzup Bootleg),Dschinghis Khan,Username_NotRequired & OKZitro & Azurlexx,1,1
Keygen 8,Dubmood,Azurlexx,1,1
Interlude,Dunderpatrullen,DyamoDash,1,1
Dancing Roach Autotune,DunkMemer,BatBrice,1,1
Furious,DuoCore,Iamuss76,1,1
Trigger (Zekk Remix),Dustvoxx,M4eu,1,1
Keep You (ft. Sundial),Duumu,OKMasterz,1,1
Dyscontrolled Galaxy,Camellia,Water,1,1
Maniera,D(ABE3),Waterbottle317 & Plxsma,1,1
Ghost Stories,D-Block & S-te-Fan,DyamoDash,1,1
Imma OG,D-Sturb & Warface,FrozeniumZ,1,1
Sanctuary Guardian,Earthbound,OKZitro,1,1
Moonlight Of Sand Castle,EBICO,Iamuss76,1,1
Ringed Genesis,Edelritter,Crucru03,1,1
Gravity (Tevlo Remix),EDEN,HaxagonYT,1,1
No One Sleep in Tokyo,Edo Boys,Username_NotRequired,1,1
Nonentity,Eiserne Jungfrau,WaterBottle317,1,1
Black Light,ELECTR,EA_Crazed,1,1
Close To You,Elektronomia,Iamuss76,1,1
Fire,Elektronomia,Iamuss76,1,1
Keygen Church - Eliabe vicie ib odulif hehaguf e cargo bofcre fubc,Master Boot Record,Waterbottle317,1,1
Migraine (ft. Anna Yvette),Ellis,Iamuss76,1,1
Believe in Myself,Elma (CV: Yuki Takada),DyamoDash,1,1
Stay Alive,EMILIA (CV: Rie Takahashi),luniwae,1,1
Pneumatic Tokyo,EnV,DyamoDash,1,1
Mentanpindoradora,enzo & O2i3,trippleAAA3three & superluigizero,1,1
Subside,Ephixa & Bossfight,BatBrice,1,1
Let's Roll,Ephixa & Going Quantum,ZitroNitro,1,1
No Mercy,Eptic,reallyawesomestuff,1,1
Holy Pirate Crusaders,Erectronik,Crucru03,1,1
Der Wald (kors k Remix),Erehamonika,reallyawesomestuff,1,1
Singularity,ETIA.,Duckocute & BasedSammy,1,1
Megumeru,eufonius,Plxsma_RBLX,1,1
Batty,Eurobeat Brony ft. Odyssey,Username_NotRequired,1,1
Myon Myon Meme Douga,Evandragon,EA_Crazed,1,1
Berserk,Evilwave & ST4RBUCK,OKZitro,1,1
Edison,Evoke,Noobisnotbad1,1,1
Void Sector Tau,Exclusion,UberGoobyIsLife,1,1
Obsidian,ExileLord,Avibah4uu2,1,1
Soulless 6,Exilelord,fogsaturate,1,1
Exit This Earth's Atomosphere Camellia's Planetary200step Remix,Camellia,ob1cb,1,1
Glucagon,EZFG,WaterBottle317,1,1
F.U.C.,IShowSpeed,ob1cb,1,1
ENDYMION,fallen shepherd ft. RabbiTonStrings,ZitroNitro,1,1
Serpentine,False Noise,reallyawesomestuff,1,1
Shiver,False Noise,OKZitro,1,1
Ding Fries Are Done,Family Guy,BatBrice,1,1
Audio Avenue,FantomenK,Avibah4uu2,1,1
"Goodbye Summer, Hello Winter",FantomenK,Username_NotRequired,1,1
Origin,Far Out,DyamoDash,1,1
Yi Jian Mei (Turbo's Eurobeat Remix),Fei Yu-ching,Username_NotRequired,1,1
Only Waiting,Feldup,Crucru03,1,1
In my room,FELT,Plxsma_RBLX,1,1
OUR SHIP,FELT,ELDragonPL,1,1
Time and Again,FELT,BasedNA,1,1
Vend,Feryquitous,GDWither,1,1
Wonder Stella,fhana,Plxsma_RBLX,1,1
Comfort BLAST,Filthy,EA_Crazed,1,1
DEATH BREAKFAST,Filthy,nextro420,1,1
Inheritance,Filthy,Crucru03,1,1
Scoop Out Your Eyes (cut),Filthy,Water,1,1
You can't escape from the mission,Filthy,EA_Crazed,1,1
Otherworld,Final Fantasy X,mm1678YT,1,1
Indignant Divinity,flashygoodness,Crucru03,1,1
Spirit Of Things,Floatinurboat,Iamuss76,1,1
Wigglecore,Floor Baba,BasedSammy & Wispy,1,1
A Fool MC MENTAL Night,The Koxx,Foxes_2,1,1
Best Friend (Fusq Remix),Foster the People,Username_NotRequired,1,1
Best Friends (Wave Racer Remix),Foster the People,doofyplayer,1,1
Pumped Up Kicks (Safe Word Cover),Foster the People,doofyplayer,1,1
Kirby Smash (Sped Up),Foxsky,Meteor_Melee,1,1
Paradigm Shift,Fractal Dreamers,Azurlexx,1,1
Superb Mario Medley (ft. Labo Piano),FreddeGredde,Meteor_Melee,1,1
Tutorial Vs Youtube,Freddo Breado,Frozen,1,1
Berry Go,Freezer ft. Kiichigo,GDWither,1,1
Chocolate Planet,Freezer ft. 妃苺,WaterBottle317,1,1
Tutorial,Friday Night Funkin' OST,Noobisnotbad1,1,1
Dad Battle,Friday Night Funkin',Noobisnotbad1,1,1
Fresh,Friday Night Funkin',Naoriwa,1,1
Fresh (In-Game Version),Friday Night Funkin',Noobisnotbad1,1,1
Roses,Friday Night Funkin',Meteor_Melee,1,1
Senpai,Friday Night Funkin',Meteor_Melee,1,1
South,Friday Night Funkin',Noobisnotbad1,1,1
South (Pico Remix),Friday Night Funkin',Noobisnotbad1,1,1
Spookeez,Friday Night Funkin',Meteor_Melee,1,1
Thorns,Friday Night Funkin',Meteor_Melee,1,1
Zavodila (Mid-Fight Masses OST),Friday Night Funkin',Noobisnotbad1,1,1
Insanity at Its Peak,Frozentual x Infinitive,AshFromKaaba,1,1
A Wisp's Chant,Frozentual,FrozeniumZ,1,1
AshFromKaaba,Frozentual,AshFromKaaba,1,1
Avibah4uu2,Frozentual,Avibah4uu2,1,1
Carolina Tangle,Frozentual,FrozeniumZ,1,1
Chiptune Slaughter,Frozentual,AshFromKaaba,1,1
Down to it,Frozentual,FrozeniumZ,1,1
Drop Dead Dreary,Frozentual,Frozentual & Iamuss76,1,1
Frozentual ft. Frozentual,Frozentual,FrozeniumZ,1,1
Hyper Cider,Frozentual,FrozeniumZ,1,1
I Played VRC with NekoExtra,Frozentual,FrozeniumZ,1,1
I Took a Poop in the Sink,Frozentual,AshFromKaaba,1,1
Insanity Reborn,Frozentual,mm1678YT,1,1
Kiano,Frozentual,FrozeniumZ,1,1
Factory Under The Ice,Frozentual & MetaHumanBoi,Noobisnotbad1 & Frozentual,1,1
mm1678YT,Frozentual,mm1678YT,1,1
Night Time Tune,Frozentual,FrozeniumZ,1,1
Noobisnotbad1,Frozentual,Noobisnotbad1,1,1
Noobisnotbad1 SUS Remix,Frozentual,Noobisnotbad1,1,1
Patki izleguvaat nadvor od vodata,Frozentual,AshFromKaaba,1,1
Recover,Frozentual,FrozeniumZ,1,1
Ruby Road,Frozentual,FrozeniumZ,1,1
Sailor,Frozentual,AshFromKaaba,1,1
Stall,Frozentual,FrozeniumZ,1,1
Stall 2,Frozentual,FrozeniumZ,1,1
Stall 3,Frozentual,FrozeniumZ,1,1
Tiny Robot Goes on a Walk,Frozentual & TheCrafters001,FrozeniumZ,1,1
Unintended Insanity,Frozentual,FrozeniumZ,1,1
When the Rage Settles,Frozentual,AshFromKaaba,1,1
Willow Woods,Frozentual,mm1678YT,1,1
Credits EX,Frums,Qwarkie,1,1
Dropdead,Frums,WaterBottle317,1,1
Mdrqnxtagon,Frums,HaxagonYT,1,1
Red and Blue and GREEN,Frums + Nitro,Crucru03,1,1
swallow SMOKE,Frums,Based,1,1
The Divine Comedy,Frums,Robineesti11,1,1
ultra-blazures,Frums,DyamoDash,1,1
Wavetapper,Frums,Duckocute,1,1
We Want To Run,Frums,TotoPowah,1,1
Fucking Disgusting Scum,Seifuku Yangire,dyamodash,1,1
Make a Loser,FujuniseikouyuuP,BasedSammy,1,1
This is Sparta Remix,Funtastic Power,OKPalco,1,1
perfume,fusq,doofyplayer,1,1
Hot,FWLR,doofyplayer,1,1
Cane Swinging,F-777,Username_NotRequired,1,1
Dance of the Violins,F-777,Username_NotRequired,1,1
Dark Dragon Fire,F-777,Azurlexx,1,1
Deadlocked,F-777,WaterBottle317,1,1
Hydra,F-777,RakhaIsNoob,1,1
System Split,F-777,Plxsma_RBLX,1,1
The Seven Seas,F-777,DyamoDash,1,1
Phantom,F-777 & Wyldfire1,Username_NotRequired,1,1
LEthAl wEApOn,G.G-G,nextro420,1,1
Tear Off Your Chain,Galneryus,BasedSammy,1,1
Littleroot Town (Frozentual Cover),GameFreak,FrozeniumZ,1,1
Larva,Garigari Samushi,OKZitro,1,1
Holography,garlagan,ZitroNitro,1,1
Slowing Down,garlagan,ZitroNitro,1,1
there,garlagan,ZitroNitro,1,1
POKEMON GO SONG!!!,Garrett Williamson,Username_NotRequired,1,1
RIDE ON TIME (REDALiCE's CITY POP SHARK Remix),Gawr Gura,Noobisnotbad1,1,1
Glimmer,Geoplex,Iamuss76,1,1
StarDrive,Geoplex,Iamuss76,1,1
Careless Whisper (YeahRight! Remix),George Michael,skippingbee,1,1
Galaxy,Geoxor,AshFromKaaba,1,1
Moonlight,Geoxor,ZitroNitro & Naoriwa,1,1
Nana,Geoxor,OKZitro,1,1
Stardust,Geoxor,eipcness99,1,1
Sky Fracture,Getsix,Meteor_Melee,1,1
Rockefeller Street (Nightcore),Getter Jaani,Meteor_Melee,1,1
DropZ-Line-,Getty vs. Dj Dia,mm1678YT,1,1
Fox4-raize-,Getty vs. DJ DiA,GDWither,1,1
Grayed Out -Antifront-,Getty vs. DJ DiA,DyamoDash,1,1
Ghost,Camellia,Waterbottle317,1,1
Sweet Dreams,Ghost Stories,DyamoDash,1,1
Here We Go (Roblox Anthem),Giants of Industry,UsernameNotRequired,1,1
Borealis,ginkiha,Miles_Anarsk,1,1
Coral Fumes,glue70,ZitroNitro,1,1
disperagioia,gmtn. (witch's slave),Miles_Anarsk,1,1
furioso melodia,gmtn. (witch's slave),WaterBottle317,1,1
Looka Bomba,Go 2,Username_NotRequired,1,1
Spitfire,Go 2,Username_NotRequired,1,1
Cloud Chaser,Goblins From Mars,OKZitro,1,1
Cold Blooded Love,Goblins From Mars,skippingbee,1,1
King Taco,Goblins From Mars,OKZitro,1,1
Supreme (ft. Hayley Stewart),GosT,ZitroNitro,1,1
The Day (dj-jo remix),Graffiti,doofyplayer,1,1
Ragnarok Sped Up,Gram vs. Camellia,gold_wolf,1,1
Yggdrasil,Gram vs. Kobaryo,Plxsnya,1,1
Niebelungen,Gram,GDWither,1,1
Sigmund,Gram,nextro420,1,1
Contagious,Grant & RUNN,Uli6636,1,1
Starship,Grant,OKMasterz,1,1
Weapon,Grant,ELDragonPL,1,1
Tiger Blood,Graves Myrne,HaxagonYT,1,1
Bad Habits,gs,nextro420,1,1
fake,gs,nextro420,1,1
looming shadow of a tree long gone,gs,gold_wolf & Azurlexx,1,1
najimi breakers,gs,gold_wolf,1,1
o'er the flood,gs,GDWither,1,1
Pa-Pa-Pa-Pattycore!,gs,Azurlexx,1,1
post-modern weeaboo,gs,HaxagonYT,1,1
Satori de pon!,gs,ZitroNitro,1,1
slavik goblins,gs,HaxagonYT,1,1
too young to love,gs,Foxes_2,1,1
toromi hearts 2,gs,gold_wolf,1,1
Strawberry Trapper,Guilty Kiss,Plxsma_RBLX,1,1
Akari Has Arrived!,GYARI,M4eu,1,1
Honesty,GYZE,mm1678YT,1,1
SHOTGUN DANCE,H.U.T GiGAR,AshFromKaaba,1,1
What is Love Remix,Haddaway,UsernameNotRequired,1,1
84,HAGANE,Suyolite,1,1
U Got That [EPIC METAL COVER] (Little V),Halogen,FrozeniumZ,1,1
音TUNAK,Hamburgaga,DyamoDash,1,1
Mysterious Messenger,Han,Username_NotRequired,1,1
Sweets Parade,Hanazawa Kana,HaxagonYT,1,1
Ameno,Hatsune Miku,DyamoDash,1,1
Atama No Taisou,Hatsune Miku,Plxsma_RBLX,1,1
Kitsune no Yomeiri,Hatsune Miku & GUMI,ZitroNitro,1,1
Levan Polkka,Hatsune Miku,iMasterzzRBLX,1,1
Padoru Padoru (RRRRRemix Speedcore),Hatsune Miku,DyamoDash,1,1
Po Pi Po,Hatsune Miku,Username_NotRequired,1,1
Prologue,Haven,Iamuss76,1,1
Analys,Hayako,ZitroNitro,1,1
Destiny,Headhunterz,Avibah4uu2,1,1
A Reyvateils Curse,Helblinde,nextro420,1,1
Grief & Malice,Helblinde,WaterBottle317,1,1
Putin's #####,Helblinde,DyamoDash,1,1
The Solace of Oblivion,Helblinde,WaterBottle317,1,1
Goya no Machiawase (English Cover),Hello Sleepwalkers,UsernameNotRequired,1,1
The Glorious (Final Sketch Remix),Her Bright Skies,Qwarkie,1,1
Funky Dealer,Hideki Naganuma,Username_NotRequired,1,1
IOLITE-SUNSTONE,Hideyuki Ono x Daisuke Kurosawa,Azurlexx,1,1
DADADADADADADADADADA,Hige Driver join. SELEN,WaterBottle317,1,1
Realms,Hinkik & A Himitsu,andrew2005689,1,1
Explorers,Hinkik,ZitroNitro,1,1
Skystrike,Hinkik,ZitroNitro,1,1
Time Leaper,Hinkik,M4eu,1,1
Genesis At Oasis (Hirayasu Matsudo Remix),Hirayasu Matsudo,DyamoDash,1,1
Butter Building (Remix),Hirokazu Ando,OKZitro,1,1
Blah!!,HiTECH Ninja,OKZitro,1,1
Bike,Hitomi Sato,Crucru03,1,1
Driftveil City,Hitomi Sato,OKZitro & Crucru03,1,1
Undella Town (Spring/Autumn/Winter),Hitomi Sato,Crucru03,1,1
Bocca della Verità (Under Construction Remix),Hizumi Rei feat. Meika Mikoto,Szissor,1,1
Meta-Luminol,Hizumi Rei feat. Yuzuki Yukari,Szissor,1,1
Pappetta,Hizumi Rei feat.flower,Szissors,1,1
300 Nuts Per Minute,Holo Bass & Spikey Wikey,Noobisnotbad1,1,1
Can You Do The Hololive? (beyond the stage ver.),Hololive,AshFromKaaba,1,1
Hololive ga Fukkireta,hololive,DyamoDash,1,1
Aggrieve,Homestuck,mm1678YT,1,1
Rock it,Hommarju,Plxsma_RBLX,1,1
The Purified,Hoskey,reallyawesomestuff,1,1
Kira Kira Days,Houkago Tea Time,Noobisnotbad1,1,1
Ahoy We are the Houshou Pirates☆,Houshou Marine,DyamoDash,1,1
Nightclub Theme,Huniepop OST,TotoPowah,1,1
逆月,HuΣeR ft. Fernweh,EA_Crazed,1,1
Hyadain no Joujou Yuujou,Hyadain,M4eu,1,1
C O N T I N U E ? (LYFER MEGA-OVERLOAD REMIX),Hylna,DyamoDash,1,1
Time Trials Plus,Hyper Potions ft. Jun Senoue,Username_NotRequired,1,1
Littleroot Town,Hyper Potions,Username_NotRequired,1,1
Surf,Hyper Potions,Azurlexx,1,1
Maboroshi,"Hyper Potions, Synthion & MYLK",M4eu,1,1
Dead Dreaming,Hyperekplexia Vs Kopophobia,DyamoDash,1,1
Balanced Brain,Hyperekplexia,DyamoDash,1,1
Speedcore 300,Hypernite Industries,iMasterzzRBLX,1,1
Disorder,~ HyuN ft. YURI,Iamuss76,1,1
Lv.0,I.O,gold_wolf,1,1
A Tale of Six Trillion Years and One Night,IA,X3Corsaka,1,1
Summer Vacation,IAHN,OKZitro,1,1
Transform,IAHN,mm1678YT,1,1
Sea Shanty 2,Ian Taylor,iMasterzzRBLX,1,1
Entrance,ICE,reallyawesomestuff,1,1
Floor of lava,Ice,WaterBottle317,1,1
Parodia Sonatina,ICE,reallyawesomestuff,1,1
Abracadabra,ICHI,Eipcness99,1,1
Pavor Nocturnes,Igorrr,Water,1,1
Tout Petit Moineau,Igorrr,GDWither,1,1
Unpleasant Sonata,Igorrr,EA_Crazed,1,1
Keygen Church - Igparera fihi gexigug igpariug afc,Master Boot Record,Waterbottle317,2,1
Our Generation,Imil ft. Sunhiausa,julienlemab,1,1
Evacuate The Moshpit,Imil,AshFromKaaba,1,1
When Hate Takes Over,Imil,Noobisnotbad1,1,1
Uta,Imperial Circus Dead Decedance,GDWither,1,1
flowers ft. nori,in love with a ghost,Azurlexx,1,1
Lagtrain,inabakumori,ZitroNitro,1,1
Lapix,Inner Spirit,eipcness99,1,1
Disconnected Hardkore Canblaster Remix,Inspector K,GDWither & Plxsnya,1,1
DX Choseinou Full Metal Shojo,IOSYS TRAX,Crucru03,1,1
Marisa Stole The Precious Thing,IOSYS,Meteor_Melee,1,1
Overdrive,IOSYS,Meteor_Melee,1,1
"The Lovely, Freezing, Tomboyish Bath, Cirno's Hot Spring.",IOSYS,DyamoDash,1,1
Girls Talk Jotori Remix,Isekai Quartet ED,BasedSammy,1,1
Sleep Paralysis,isqa,Meteor_Melee,1,1
I'am No.1!★,Ito Asuka,Suyolite,1,1
Cloud 9,Itro & Tobu,Username_NotRequired,1,1
PASSPORT GUARDIAN (Benrey's theme),its3oe,DyamoDash,1,1
Responsibility Response (Sped Up),Izumi Akazawa,M4eu,1,1
Papyrus Paket Phoenix,i-win,Username_NotRequired,1,1
SPEED OF KIRB,i-win,DyamoDash & Username_NotRequired & BatBrice,1,1
Hotel Mario Main Theme,Jack Levy,Username_NotRequired,1,1
Two Time,Jack Stauber,Crucru03,1,1
Cursed,Jackal Queenston,OKZitro,1,1
Diurnal,Jackal Queenston,Username_NotRequired,1,1
Rubber Band,Jackal Queenston,iMasterzzRBLX & M4eu,1,1
A Dream,Jacob Tillberg,Username_NotRequired,1,1
Caffeine Rush,Jacob Tillberg,Neko_Mao,1,1
Ghosts,Jacob Tillberg,Neko_Mao,1,1
Heartless,Jacob Tillberg,Neko_Mao,1,1
Can Can Remix,Jacques Offenbach,UsernameNotRequired,1,1
I Won't Fall Apart,Jager,Username_NotRequired,1,1
Shiba Island,James Landino,BasedSammy,1,1
Red Like Roses Part 2,Jeff Williams,Ash_KetchumJake & datROBLOXguy17,1,1
Tutorial Neo,JellyFish,Frozen,1,1
Rats Birthday Mixtape,Jerma,mm1678YT,1,1
No.7,Jibaku Shounen Band,doofyplayer,1,1
Cutting Circles,jihnsius,fogsaturate,1,1
Arriba Mami,Jingle Punks,DyamoDash,1,1
I lost my flp,jioyi attacked by mirror,reallyawesomestuff,1,1
Cyanine,jioyi,Iamuss76 & WaterBottle317,1,1
Piracy is no Party!,Joey Perleoni,Meteor_Melee,1,1
seal.mp4,joeyclassic,Meteor_Melee,1,1
Country Roads Peter Hollens Cover,John Denver,UsernameNotRequired,1,1
Want You Gone (Rock Cover),Jonathan Coulton,Username_NotRequired,1,1
Seinfeld Theme (Gunshot Version),Jonathan Wolff,Meteor_Melee,1,1
THE BOX,JOYRYDE,GDWither,1,1
"Psychomantis ""Third Child""",Juggernaut.,Azurlexx,1,1
Valhalla:0,Juggernaut.,Azurlexx,1,1
†:OLPHEUX:†,Juggernaut.,Azurlexx,1,1
bruh,jump man 93,nextro420,1,1
Aether,Jumper,Azurlexx,1,1
Candy Mountain,Jun Ishikawa & Dan Miyakawa,ZitroNitro,1,1
Cygnus,Jun Kuroda & aaaa,reallyawesomestuff,1,1
Ultimate Fate,Jun Kuroda + AAAA,reallyawesomestuff,1,1
Ikouze Paradise,Junji Majima,M4eu,1,1
Where Are You Now,Justin Bieber,doofyplayer,1,1
Alleyways (ft. Dr. Disrespect),J+1,Meteor_Melee,1,1
Give Em' The Love (ft. Dr. Disrespect & Halifax) (Instrumental),J+1,Meteor_Melee,1,1
The Flute Tune (Soulpride Remix),J-Cut & Kolt Siewerts,wolfyou,1,1
Bon Appetit S (Oldskool HappyHardcore Remix),K A Z M A S A,DyamoDash,1,1
Tokyo Teddy Bear UtsuP Cover,Kagamine Rin,andrew2005689,1,1
Crazy Banger,Kagetora.,ZitroNitro,1,1
Red Azalea,Kagetora.,ZitroNitro,1,1
Escape,Kaivaan,ELDragonPL,1,1
Kamikaze,m1dy,bartek,1,1
crêpe suzette,kamome sano,OKZitro,1,1
emotional,kamome sano,Plxsma_RBLX,1,1
HE4VAN,kamome sano,WaterBottle317,1,1
sachertorte,kamome sano,Suyolite,1,1
Archivezip,Kamone Sano,doofyplayer,1,1
Virtual Bit,KAN TAKAHIKO,GDWither,1,1
Baton Road,KANA BOON,BasedSammy,1,1
Hacking to the Gate,Kanako Itō,AshFromKaaba,1,1
KING (Kurone Yomi & Qu Qualia cover),Kanaria,DyamoDash,1,1
iLLness LiLin,Kaneko Chiharu,Plxsma_RBLX,1,1
Kai Dan,Kaneko Chiharu,nextro420,1,1
poxei♦︎DOON,Kaneko Chiharu,nextro420,1,1
WHITEOUT,Kaneko Chiharu,WaterBottle317,1,1
Zettai Reido,Kaneko Chiharu,Plxsma_RBLX,1,1
ΓΛLLΞИ,Kaneko Chiharu,gold_wolf,1,1
Walk this way!,Kano,WaterBottle317,1,1
FIN4LE,Kanome Sano Electric Orchestra,GDWither,1,1
Tsukinami (sped up ver.),Kanon Wakeshima,Qwarkie,1,1
Aizome,Karmadylo,skippingbee,1,1
Pastel Waltz,Karmadylo,doofyplayer,1,1
あじさい,Karmadylo,doofyplayer,1,1
Cycle Hit,Kasai Harcores,iMasterzzRBLX,1,1
Trinity Homerun,KASAI HARCORES,iMasterzzRBLX & GDWither & M4eu,1,1
TRIPLE PLAY,KASAI HARCORES,iMasterzzRBLX & M4eu & GDWither,1,1
Breakin' Asia,Katagiri,nextro420,1,1
Katagiri,katagiri,gold_wolf,1,1
Bopeebo,Kawai Sprite,FrozeniumZ,1,1
Guns,Kawai Sprite,Meteor_Melee,1,1
Neptune,Kawai Sprite,Noobisnotbad1,1,1
Stress,Kawai Sprite,Meteor_Melee,1,1
Ugh,Kawai Sprite,Meteor_Melee,1,1
Creative Exercise,Kazumi Totaka,Meteor_Melee,1,1
POP STARS,KDA,Username_NotRequired,1,1
This Time Around,Keepsake ft. Slyleaf,skippingbee,1,1
Absolute Territory,Ken Ashcorp,Username_NotRequired,1,1
New Horizon,Ken Blast,Username_NotRequired,1,1
Take Me,Ken Blast,Username_NotRequired,1,1
The Top,Ken Blast,Username_NotRequired,1,1
When the Sun Goes Down,Ken Blast,Username_NotRequired,1,1
Peace Sign (DJ Jo Remix),Kenshi Yonezu,skippingbee,1,1
ListENiNg to spEEDcorE turNs you iNto An idiot Kobaryos FTN-Remix,kenta-v.ez,DyamoDash,1,1
Flamingo (WTN3 Remix),Kero Kero Bonito,GDWither,1,1
Pingu Zone,Keulas,Plxsma_RBLX,1,1
Kick Shock,Kevin Macleod,Avibah4uu2,1,1
Johnny Test Theme Song,Kevin Manthei,Username_NotRequired,1,1
Baqua ighallag farodaf progbarebc equilea dolugheg,KEYGEN CHURCH,WaterBottle317,1,1
Ohfaquiug egidof varicef odiug peric,Keygen Church,Duckocute & Crucru03,1,1
Ange du Blanc Pur,ke-ji ft. Nanahira,ZitroNitro,1,1
Talk Daju Remix,Khalid,skippingbee,1,1
Kick To The Sky (Speedchip Remix),Kobaryo,EA_Crazed,1,1
Fire Aura,Kid2Will,Username_NotRequired,1,1
Hazakura,Kie Katano,EA_Crazed,1,1
Wicked Ways,Killabyte,Karl_RBX,1,1
Future World,KillerBlood,Naoriwa,1,1
Menu Camellia Remix,Kirby Air Ride,BasedSammy,1,1
Masked Dedede (GaMetal Metal Cover),Kirby Super Star Ultra,Meteor_Melee & Username_NotRequired,1,1
Green Greens,Kirby Super Star,Meteor_Melee,1,1
Gourmet Race,Kirby's Dream Land 3,Meteor_Melee,1,1
Sand Canyon,Kirby's Dream Land 3,Meteor_Melee,1,1
log4_SUNLUST,KITCALIBER,DyamoDash,1,1
Shamisen Drives the Wind,Kitkit Lu,superluigizero,1,1
He Has No Mittens,Kitsune2,ShadowPro520,1,1
Rock My Emotions,Kitsune2,UsernameNotRequired,1,1
SKUGGIN AROUND,Kitsune2,UsernameNotRequired,1,1
Neopandemic,Kitsune²,Username_NotRequired,1,1
Take Off And Land,Kitsune²,Meteor_Melee & Username_NotRequired,1,1
Crab Nicholson Extreme Sleepover,Kitsune^2,Username_NotRequired,1,1
Daytona's Revenge,Kitsune^2,Username_NotRequired,1,1
Goodnight,Kitsune^2,Username_NotRequired,1,1
Rainbow Tylenol,Kitsune^2,Username_NotRequired,1,1
Wac't,Kitsune^2,Username_NotRequired,1,1
Whatchall Know About Nintendo,Kitsune^2,Username_NotRequired,1,1
Genesys,KIVA,Naoriwa,1,1
Bonfire (Camellia's ElectroHouse Bootleg),Knife Party,Meteor_Melee,1,1
Give It Up,Knife Party,AzureWolfie,1,1
Time Traveller,KNOWER,ZitroNitro,1,1
fuego sakuraburst remix,KOAN Sound + Asa,HaxagonYT,1,1
Xv1v1@84{1-1!,Kobaryo ft. blaxervant,gold_wolf,1,1
Volatile Memory,Kobaryo ft. DJ Genki,Azurlexx,1,1
SUPER MEMORIES,Kobaryo ft. HiTNEX-X,gold_wolf,1,1
Kumo No Kireme,Kobaryo ft. Kourin.,EA_Crazed,1,1
Attention ##### Magic,Kobaryo ft. kyou1110,DyamoDash,1,1
sweet compote,Kobaryo ft. mikanzil,EA_Crazed,1,1
Cross The Finish Line,Kobaryo ft. Nanahira,WaterBottle317,1,1
northern limit,Kobaryo ft. Sennzai,DyamoDash,1,1
Speed Complexxx,Kobaryo ft. Srezcat,Azurlexx,1,1
Dotabata Animation,Kobaryo ft. T+pazolite,Plxsma_RBLX,1,1
Yura yura sweet genocide,Kobaryo ft. T+Pazolite,EA_Crazed,1,1
Sulyvahn,Kobaryo ft. USAO,WaterBottle317,1,1
Aozora Gradation,Kobaryo ft. you,EA_Crazed,1,1
Kick To The Sky (Speedchip Remix),Kobaryo,EA_Crazed,1,1
5P33D 5T4R,Kobaryo,DyamoDash,1,1
Affiliate Requiem,Kobaryo,WaterBottle317,1,1
Altar of Speed,Kobaryo,nextro420,1,1
Apocalypse Simulator,Kobaryo,DyamoDash,1,1
Blackbird,Kobaryo,EA_Crazed,1,1
Bookmaker (2D Version),Kobaryo,nextro420,1,1
Cartoon Candy,Kobaryo,Noobisnotbad1,1,1
Chocolate Lily,Kobaryo,nextro420,1,1
Clock Control,Kobaryo,DyamoDash,1,1
CU73 D3V1L,Kobaryo,EA_Crazed,1,1
Delete the World,Kobaryo,DyamoDash,1,1
Destructive Little Sister,Kobaryo,C_ggus,1,1
Endless Adventure,Kobaryo,Azurlexx & EA_Crazed,1,1
Energy Laser,Kobaryo,DyamoDash,1,1
Eternal Ending,Kobaryo,BluPros,1,1
Eternal Ending (aran Remix),Kobaryo,nextro420,1,1
Evening,Kobaryo,BlueyGD,1,1
Evolution Canceler,Kobaryo,EA_Crazed,1,1
Fantasie-Celeritas,Kobaryo,gold_wolf,1,1
G.G.S.B.N.D.S.,Kobaryo,ZitroNitro,1,1
G4M3 0V3R,Kobaryo,EA_Crazed,1,1
Galaxy Friends,Kobaryo,WaterBottle317 & HaxagonYT,1,1
Glitched Character,Kobaryo,DyamoDash,1,1
HAPPY NEW BPM 2020,Kobaryo,EA_Crazed,1,1
HUG AND KILL,Kobaryo,Azurlexx & Suyolite,1,1
"IF YOU'RE 666,THEN I'M 667",Kobaryo,EA_Crazed,1,1
Invisible Frenzy,Kobaryo,GDWither,1,1
"Invisible Frenzy (Camellia's ""593: Insanely Fluctuated"" Remix)",Kobaryo,DyamoDash,1,1
IPLAYTABLETENNIS,Kobaryo,EA_Crazed,1,1
Kick To The Sky,Kobaryo,EA_Crazed,1,1
Kick to the Sky (Lyfer 2020 Remix/Edit),Kobaryo,DyamoDash,1,1
Lotus Quest,Kobaryo,WaterBottle317,1,1
Marble Dove,Kobaryo,gold_wolf,1,1
My Music Playlist,Kobaryo,EA_Crazed,1,1
M-e,Kobaryo,David20122 & PatrickkikALT,1,1
Necromancer,Kobaryo,LevitatingCactus,1,1
Necrophagiatoast,Kobaryo,WaterBottle317,1,1
New Game Plus,Kobaryo,Plxsnya,1,1
New Game Plus (Love Plus rmx),Kobaryo,DyamoDash,1,1
Night of core,Kobaryo,Naoriwa & julienlemab,1,1
K+Nock Out,Kobaryo & Nizikawa,OKZitro & Azurlexx,1,1
Parallel Terminal,Kobaryo,Azurlexx,1,1
Paranoid Mirage,Kobaryo,DyamoDash,1,1
Perfect Neglect,Kobaryo,EA_Crazed,1,1
Pure Evil,Kobaryo,WaterBottle317,1,1
Rain in the pain,Kobaryo,EA_Crazed,1,1
Rainbow Freeze,Kobaryo,Noobisnotbad1,1,1
Recollection,Kobaryo,nextro420,1,1
Royal Judgement,Kobaryo,IAteADoorKnob,1,1
SEITEN NO TERIYAKI,Kobaryo,Azurlexx,1,1
SEITEN NO TERIYAKI NO DENSETSU,Kobaryo,gold_wolf,1,1
Speedcore Psytama,Kobaryo,DyamoDash,1,1
Sugary Meteor,Kobaryo,gold_wolf,1,1
The Lightning Sword,Kobaryo,EA_Crazed,1,1
Theme for Psychopath Justice,Kobaryo,WaterBottle317,1,1
Tool-Assisted Speedcore,Kobaryo,DyamoDash,1,1
Tool-Assisted Speedcore (TQBF Frame Advance RMX),Kobaryo,HaxagonYT,1,1
Transceiver FX,Kobaryo,EA_Crazed,1,1
True Hero,Kobaryo,KindClutch,1,1
VANDALIZED AI,Kobaryo,BasedSammy & Plxsnya,1,1
Vicious Heroism,Kobaryo,nextro420,1,1
Villain Virus (feat. Camellia),Kobaryo,EA_Crazed,1,1
Villain Virus (ft. Camellia),Kobaryo,BasedSammy,1,1
Glitter Glitch,Kobaryo & You,DyamoDash,1,1
Zero-Risk Syndrome,Kobaryo,DyamoDash,1,1
†DOOF†SENC†,Kobaryo,ob1cb,1,1
Guess Who Is Back (TV Size) (Sped Up),Koda Kumi,mm1678YT,1,1
Athletic Theme (PAL Version),Koji Kondo,UsernameNotRequired,1,1
Staff Roll (SM64) (Remix),Koji Kondo,Username_NotRequired,1,1
Super Mario Bros. Super Show Theme Song,Koji Kondo,Username_NotRequired,1,1
broken legs,Kola Kid,OKMasterz,1,1
the Earth is counting on you,Kola Kid,OKMasterz,1,1
timer,Kola Kid,OKMasterz,1,1
(Can You) Understand Me?,Komiya Mao,WaterBottle317,1,1
Slider,Kondo Koji,Plxsma_RBLX,1,1
There is a Reason,Konomi Suzuki,Azurlexx,1,1
Lost (Remix),Kontinuum ft. Savoi,doofyplayer,1,1
Korone's Most Evil Natural Disaster ☆ Wonderful ❤ World,Korone/Hololive,AshFromKaaba,1,1
Butterfly,kors k ft. Starbitz,DyamoDash,1,1
The Rolling,kors k vs Camellia,BasedSammy & gold_wolf,1,1
Insane Techniques,kors k,Plxsma_RBLX,1,1
Playing with Fire,kors k,BasedSammy,1,1
smooooch,kors k,BasedSammy,1,1
The Wind of Gold,kors k,Username_NotRequired,1,1
Nanamori (Youth Remix),Kotori,GDWither,1,1
Be There,Krewella,Iamuss76,1,1
Come And Get It,Krewella,skippingbee,1,1
New World (ft. Taylor Benett),Krewella & Yellow Claw,skippingbee,1,1
Die House (Remix),Kristofer Maddigan,Username_NotRequired,1,1
The World Of User,KStyle Project,DyamoDash,1,1
My Love (PPK Remix),Kuba Oms,Username_NotRequired,1,1
PURE PARE-DO,Kugimiya Rie,OKM4eu,1,1
Beloved Tomboyish Girl,Kurenainagi Tabibito,Plxsma_RBLX,1,1
alicemourn,Kurokotei,Crucru03,1,1
Chronostasis,Kurokotei,DyamoDash,1,1
Devil's Palm,Kurokotei,WaterBottle317,1,1
Dystopian Warriors,Kurokotei,nextro420,1,1
Fracture Temporelle,Kurokotei,Crucru03,1,1
Galaxy Collapse,Kurokotei,WaterBottle317,1,1
Galaxy Collapse (Adictiv.:PieN 2020 Remix),Kurokotei,Cruwev & Qwarkie,1,1
Galaxy Collapse (Full),Kurokotei,TotoPowah,1,1
K.K. HAS HAD ENOUGH,Kurokotei,Crucru03,1,1
Lotus Life,Kurokotei,Crucru03,1,1
Scattered Faith,Kurokotei,TotoPowah & Plxsma,1,1
Valkyrie Attack,Kurokotei,ob1cb,1,1
Wdf,Kurokotei,UsernameNotRequired,1,1
Ryuu to Shoujo to Decoherence,Kuroneko Dungeon,BasedNA,1,1
STRANGE,kyou1110,nextro420,1,1
Nova Teknologi,Kyutatsuki,ZitroNitro,1,1
Stalemate,KzX,Username_NotRequired,1,1
Scatman (Extreme SplitterRMX),K-Style Project,OKZitro,1,1
DIAVOLO,L.E.D. & wac,Username_NotRequired,1,1
Dragonfruit Salad,Lacheque,ZitroNitro,1,1
Debug Dance,lapix,OKZitro,1,1
Nexta,Lapix,TotoPowah,1,1
Nothing but Theory,Lapix,BasedSammy,1,1
Laser on Her Forehead,Diabarha,EA_Crazed,1,1
Copyrighted Artists Theme,Laughability,M4eu,1,1
Xronial Xero (Laur Remix),Camellia,Juliendafox,1,1
A Lasting Promise,Laur,Noobisnotbad1,1,1
Absolute Domination,Laur,WaterBottle317,1,1
ATAMA WARUI,Laur,DyamoDash,1,1
cry of viyella,Laur,Crucru03,1,1
Dangerous Slot,Laur,fogsaturate & ob1cb,1,1
Devil's Machinegun,Laur,DyamoDash,1,1
Exitium,Laur,DyamoDash,1,1
KILL KILL KILL KILL KILL,Laur,DyamoDash,1,1
Mutation,Laur,DyamoDash,1,1
Party People,Laur,Crucru03,1,1
Passion Concert,Laur,DyamoDash,1,1
PRAGMATISM,Laur,WaterBottle317,1,1
Quaerite Veritatis,Laur,FrozeniumZ & ZitroNitro,1,1
Sound Chimera,Laur,OKMasterz,1,1
Terminal Missa,Laur,ob1cb,1,1
Ultima Weapon,Laur,Plxsnya,1,1
Verzweiflung,Laur,julienlemab,1,1
Vindication,Laur,Crucru03,1,1
Grasswalk (NoteBlock Remix),Laura Shigihara,Username_NotRequired,1,1
Graze the Roof,Laura Shigihara,doofyplayer,1,1
Aleph-0,LeaF,AzureWolfie,1,1
Aleph-0 (short),Leaf,EA_Crazed,1,1
Alice In Misanthrope -Ensei Alice-,LeaF,DyamoDash,1,1
Armageddon,LeaF,DyamoDash & Plxsma,1,1
ATHAZA,LeaF,Azurlexx,1,1
Calamity Fortune,LeaF,Azurlexx,1,1
Calamity Fortune (Full),LeaF,DyamoDash,1,1
Doppelganger,LeaF,andrew2005689,1,1
I,LeaF,julienlemab & GDWither,1,1
iKill,LeaF,DyamoDash,1,1
ka,LeaF,ZitroNitro,1,1
MARENOL,LeaF,DyamoDash,1,1
MEPHISTO,LeaF,DyamoDash,1,1
Mope Mope,LeaF,ob1cb,1,1
Paraclete,LeaF,nextro420,1,1
Resurrection Spell,LeaF,DyamoDash & EA_Crazed,1,1
Wizdomiot,LeaF,WaterBottle317,1,1
Wizdomiot (Extended ver.),LeaF,Azurlexx,1,1
Dreams Of An Absolution (Theme of Silver),Lee Brotherton,Duckocute,1,1
The Ultimate Showdown of Ultimate Destiny,Lemon Demon,Username_NotRequired,1,1
U.N. Owen Was Her Metal (Remix),Len,EA_Crazed,1,1
Paradigm,Leslie Wai,OKZitro,1,1
Theme from Vice City,Lex Horton,Username_NotRequired,1,1
Crystal Corruption,Lia;quo,Iamuss76,1,1
Hank's Back,Lil Hank,Based,1,1
Chronomia,Lime,gold_wolf & GDWither,1,1
Smiling,Lime,gold_wolf,1,1
Can you hear me?,linear ring,ZitroNitro & Azurlexx,1,1
enchanted love,linear ring,Azurlexx,1,1
Crystal,Liquid Cinema,mm1678YT,1,1
Juggler's Madness,Lite Show Magic,gold_wolf,1,1
Make Magic,Lite Show Magic,GDWither,1,1
WOWMG,Lite Show Magic,DyamoDash,1,1
mega-yosh-vania,LiterallyNoOne,UsernameNotRequired,1,1
Rush-More,litmus*,Username_NotRequired,1,1
Livingdead,DJ Myosuke,"DyamoDash,Waterbottle317",2,1
Who Killed U.N.Owen,Liz Triangle,DyamoDash,1,1
Sophisticated lady,Ljudit Andersson,Noobisnotbad1,1,1
Party Rock (VAIR Cover),LM*AO,doofyplayer,1,1
Lockout,Lockyn,Crucru03,1,1
Volt,Lockyn,ZitroNitro,1,1
I Am Sinistar,Loffciamcore,nextro420,1,1
I will freak you up kid,Loffciamcore,AshFromKaaba,1,1
Miota Nim Jak Szatan,Loffciamcore,ZitroNitro,1,1
Lotus Quest,Kobaryo,WaterBottle317,1,1
Don't Stop the Music,Lou Grant,Username_NotRequired,1,1
Vanity Clock,love solfege,BasedNA,1,1
Shiron  Ko fu morimori Atsushi to Teiky de Ookuri Shimasu,Lucky Clover,KindClutch,1,1
Despacito Frozentual Chiptune Cover,Luis Fonsi ft. Daddy Yankee,AshFromKaaba,1,1
Despacito (Camellia Remix),Luis Fonsi,Username_NotRequired,1,1
Dement ~After Legend~,LunaticSounds,reallyawesomestuff,1,1
Kami no Kotoba,Luschka,Haxagon,1,1
We Luv Lama (Easy Version),DJ Sharpnel,Foxes_2,1,1
catch me,luvnyte,WaterBottle317,1,1
Angel Dust,LV.4,gold_wolf,1,1
Os Dragon Iro Shinfonii,Lzie,KindClutch,1,1
Rêve Lucide,LÜNE,ZitroNitro,1,1
Rage Your Dream,m.o.v.e,Username_NotRequired,1,1
Tell Me Why Speedcore Is So Awesome,m1dlet,WaterBottle317,1,1
Hotel Hellfornia,m1dy ft. OZIGIRI,EA_Crazed,1,1
959BPM,m1dy,AshFromKaaba & Noobisnotbad1,1,1
Cold Pizza,m1dy,WaterBottle317,1,1
m1dy festival,m1dy,AshFromKaaba,1,1
Felis,M2U,superluigizero,1,1
The Queen,M2U,skippingbee,1,1
Fantastic Dreamer,Machico,M4eu,1,1
Cucumba Song,Macka B,Meteor_Melee,1,1
Chipparoony,MADHouseDude,Azurlexx,1,1
Pensamento Típico De Esquerda Caviar,Maffalda,OKZitro,1,1
Gusty Garden Galaxy (Remix),Mahito Y. & Koji K.,Username_NotRequired,1,1
Buoy Base Galaxy (VGR Remix),Mahito Yokota,Username_NotRequired,1,1
Pingu Theme Trap Remix,MajorLeagueWobs,EA_Crazed,1,1
Among Us Theme (Eurobeat Remix),maki ligon,ZitroNitro,1,1
Baka Mitai (Super Mario 64 Cover),maki ligon,Username_NotRequired,1,1
Touhou vs. Fortnite Dance Compilation,Maki Ligon & Karamitasu,DyamoDash,1,1
Beam,Mako,BatBrice,1,1
Tanuki's Adventure (Pekora BGM),MAKOOTO,M4eu,1,1
Ghosts,Malik Bash,Iamuss76,1,1
Hishoku no Sora,Mami Kawada,BasedSammy,1,1
Tenshi,Manabu Namiki,GDWither & Plxsma_RBLX,1,1
Galactic Symphony,Mandragora,ob1cb,1,1
MELANCHOLY passing into MANIA,The Quick Brown Fox & Klippa,DyamoDash,1,1
Gas Gas Gas,Manuel,Meteor_Melee,1,1
"Let's Go, Come On",Manuel,Username_NotRequired,1,1
No Control,Manuel,UsernameNotRequired,1,1
Stasis,Maozon,superluigizero,1,1
Mate Um Bonito Hoje Mesmo! (sped up ver.),Marcioz,ZitroNitro,1,1
Start Your Engines,Mario Kart DS,X3Corsaka & Username_NotRequired,1,1
Coconut Mall,Mario Kart Wii,iMasterzzRBLX,1,1
Staff Credits 2,Mario Kart Wii,Username_NotRequired,1,1
Plastic Love (Cover),Mariya Takeuchi,Username_NotRequired,1,1
Scatman (Ryu Remix),MARK OH,Username_NotRequired,1,1
Speedy Speed Boy,Marko Polo,Username_NotRequired,1,1
Alone (Squalzz Remix),Marshmello,doofyplayer,1,1
Keep It Mello,Marshmello,skippingbee,1,1
Sell Out,Marshmello & SVDDEN DEATH,trippleAAA3three,1,1
Oops,Martin Garrix,skippingbee,1,1
Rawest Forest,Martin Hagwell,Username_NotRequired,1,1
Banjo-Kazooie,Masafumi Takada - Main Theme,Plxsma_RBLX,1,1
Bad Apple!!,Masayoshi Minoshima ft. nomico,mm1678YT,1,1
Bad Apple!! (Remix),Masayoshi Minoshima ft. nomico,ob1cb & nextro420,1,1
Gate of Atlantis,MasKaleido,ZitroNitro,1,1
DOOM,MASTER BOOT RECORD,nextro420,1,1
Dreadnought,Mastermind (xi + nora2r),reallyawesomestuff,1,1
Friends 'n' Fear,MasterSword,Meteor_Melee,1,1
Scary Swings,MasterSword,Meteor_Melee,1,1
Confinement,Matatabi Sound System,andrew2005689 & DyamoDash,1,1
Running in the 90s,Max Coveri,Meteor_Melee,1,1
Running in the 90s (STEINKRAFT Remix),Max Coveri,Username_NotRequired,1,1
"What's up, people?!",MAXIMUM THE HORMONE,OKPalco,1,1
graphite/diamond,may'n,OKZitro,1,1
A Fool MC MENTAL Night,The Koxx,Foxes_2,1,1
At His Best,MC MENTAL,ob1cb,1,1
Fingerdash,MDK,doofyplayer,1,1
Press Start,MDK,doofyplayer,1,1
Computer Blues,meganeko,Robineesti11,1,1
Delete [Bossfight Remix],meganeko,Robineesti11,1,1
Empyrean,meganeko,ZitroNitro,1,1
Feral (osu! edit),meganeko,Robineesti11 & Suyolite,1,1
Milkshake,meganeko,ZitroNitro,1,1
nano love,meganeko,Azurlexx,1,1
Ninox,meganeko,OKZitro,1,1
The Cyber Grind,meganeko,Azurlexx & OKZitro,1,1
Emphatic Outcry,MegaSphere,OKZitro,1,1
Shining Sprinter,megawolf77,Plxsnya,1,1
Acid Burst,Memme,Plxsma_RBLX,1,1
Chinese Restrauant,Memme,reallyawesomestuff,1,1
Hellfire,Memme,reallyawesomestuff,1,1
Emotionally Making Love Beneath the Mask Everyday,Mere,Username_NotRequired,1,1
Phantasm,Meteor Melee,Meteor_Melee,1,1
Speedcore Beat,Meteor Melee,Meteor_Melee,1,1
At Doom's Gate,Mick Gordon,DyamoDash,1,1
Watashi Shuyaku no Akari Desu,Mikami Shiori,M4eu,1,1
Soldier of Dance (8-bit),Mike Morasky,Username_NotRequired,1,1
From a Place of Love,Mili,Suyolite,1,1
Ga1ahad and Scientific Witchery,Mili,DyamoDash,1,1
Summoning 101,Mili,superluigizero,1,1
sustain++;,Mili,DyamoDash,1,1
Utopiosphere Platonism,Mili,BasedSammy,1,1
world.execute(me);,Mili,DyamoDash,1,1
Mizuoto to Curtain,MIMI ft. Hatsune Miku,FrozeniumZ,1,1
Kawaki wo Ameku,Minami,M4eu,1,1
Kawaki wo Ameku (Full),Minami,EA_Crazed,1,1
Step,Mio Honda,OKM4eu,1,1
Gucci Gucci Literature Club's Not Hot (ft. Monika),Miraie,Meteor_Melee,1,1
Staring At Star,MisoilePunch ~Takaneko Soe~,gold_wolf,1,1
VVelcome!!,MisoilePunch♪,Azurlexx,1,1
Amnehilesie,MisomyL,Crucru03,1,1
Dizzy,MISSIO,eipcness99,1,1
Vitality,Mittsies,OKZitro,1,1
Vitality (t+pazolite remix),Mittsies,OKZitro & Crucru03,1,1
symc,MizkoKT,DyamoDash,1,1
Lucifers Domain,mm1678YT,mm1678YT,1,1
Moestep,Moe Shop,OKZitro,1,1
NOTICE ft. TORIENA,Moe Shop,AshFromKaaba,1,1
High-Speed Music Man,monoqlom,DyamoDash,1,1
Maystorm,monoqlom,ZitroNitro,1,1
Mope Mope,LeaF,Waterbottle317,1,1
Diamonds,Mord Fustang,Meteor_Melee,1,1
Excuse My Rudeness But Could You Please RIP,Mori Calliope,M4eu & DyamoDash,1,1
Alter Ego,Morimori Atsushi,gold_wolf,1,1
Milk,Morimori Atsushi,doofyplayer,1,1
Party Vinyl,Morimori Atsushi,eipcness99,1,1
Paradigm Shift,Morimori Atushi,TotoPowah & GDWither & BasedSammy,1,1
ChipTon,Morphox,FrozeniumZ,1,1
Nightune,Morphox,FrozeniumZ,1,1
Noisy Blue,Morrrrrro,ob1cb,1,1
Violent,Mossuto,Crucru03,1,1
Haunted Dance,Mr. Asyu,OKPalco,1,1
stick around,Mr. Wobble & Marcus Veltri,Iamuss76,1,1
Rockin' That Bass,MrKoolTrix,ZitroNitro,1,1
Heaven and Hell,Mutsuhiko Izumi,Meteor_Melee & Username_NotRequired,1,1
Snow Goose,Mutsuhiko Izumi,Meteor_Melee,1,1
Kill Me No Baby!!,Mutsumi Tamura & Chinatsu Akasaki,OKM4eu,1,1
An Invader In My Own Way (Remix),"N.O., M.I.",Username_NotRequired,1,1
VIRUS,N3ÜRO,Eipcness99,1,1
Rhythm Thief but its cursed,nahaki,M4eu,1,1
Bittersweet ft. Kuishinboakachan a.k.a Kiato,Nakanojojo,Duckocute,1,1
Milk crown on sonnetica,Nameless,WaterBottle317,1,1
Koi no Hime Hime Pattanko,namirin,WaterBottle317,1,1
Animal Land,Nanahira,M4eu,1,1
Frightfully Insane Flan-Chans Frightful Song,Nanahira,ZitroNitro & mm1678YT,1,1
Shakunetsu? Candle Master? Tomosy,Nanahira,ZitroNitro,1,1
Viva Happy,Nanahira,Azurlexx,1,1
Discommunication Alien Usada Pekora Cover,Nanawo Akari,AshFromKaaba,1,1
DRAGONLADY,Nankumo,Username_NotRequired,1,1
Pineapple Spaceship,nanobii,gold_wolf,1,1
You Are My World,nanobii,gold_wolf,1,1
Les Parfums de L'Amour,naotyu- ft. miyu,reallyawesomestuff,1,1
Artificial Intelligence Bomb,Naruto,Username_NotRequired,1,1
The Raising Fighting Spirit,Naruto,Lucky_Rite,1,1
Heartbeat,Nathalie,Username_NotRequired,1,1
Suwako's Theme (Xenogen cover),Native Faith,ZitroNitro & Robineesti11,1,1
Hanairo Biyori,Natsume Chiaki,andrew2005689,1,1
Alien Alien (Nhato Remix),NayutalieN,ZitroNitro,1,1
Supernatural My Mine,Nayuttan Alien,Naoriwa,1,1
Life,Neffex,skippingbee,1,1
D.A.A.N.A.C.C.E.,NegaRen,Noobisnotbad1,1,1
NBD,NegaRen,DyamoDash,1,1
Aureole,Nekodex,mm1678YT,1,1
Circles!,Nekodex,WaterBottle317,1,1
Funny Shuffle,Nekomata Master,Plxsma_RBLX,1,1
POINT ZERO,Nekomata Master+,BasedNA,1,1
Planet Loop,Nekomata Okayu,DyamoDash,1,1
CODENAME GAMMA,NeLiME,TotoPowah,1,1
Leviathan,NeLIME,Azurlexx,1,1
hi,nelward,ZitroNitro,1,1
Modern Terror,Never Modern Talk,OKMasterz,1,1
New Game Plus,Kobaryo,Plxsnya,1,1
Corrosion,NH22,nextro420,1,1
Hell's Sun,Nhato,DyamoDash,1,1
Put Your Phone Down (Kobaryo's FTN Remix),nhato,ZitroNitro & EA_Crazed,1,1
Mission Impossible,Nick Mansell,OKZitro,1,1
Fear me,NIGHTkilla,WaterBottle317,1,1
Fracture,NIGHTkilla,RakhaIsNoob,1,1
Untitled Beat,NightKilla,Azurlexx,1,1
the WORLD ~TV Size~,NIGHTMARE,WaterBottle317,1,1
Bullet Waiting for Me (Remix),Nikki Simmons,doofyplayer,1,1
Made Of Fire,Niko,Plxsma_RBLX,1,1
Night of Fire (Christmas Mix),Niko,Username_NotRequired,1,1
Cheat Codes,Nitro Fun,AzureWolfie,1,1
Final Boss,Nitro Fun,TotoPowah,1,1
Checkpoint,Nitro Fun & Hyper Potions,Username_NotRequired & doofyplayer,1,1
New Game,Nitro Fun,WaterBottle317,1,1
Memes,NIVIRO,Azurlexx,1,1
Cynical Mazoku,nkz,OKZitro & DyamoDash,1,1
Monsters,NOA,DyamoDash,1,1
Celestial Stinger,Noah,GDWither,1,1
Deadly force,Noah,Azurlexx,1,1
Worlds end,Noah,Azurlexx,1,1
Breakout ft. Foreign Beggars,Noisestorm,Uli6636,1,1
Crab Rave,Noisestorm,Username_NotRequired,1,1
Groundhog Beat Juggle,Noisia,X3Corsaka,1,1
Mushroom Gorge,Nokae,iMasterzzRBLX,1,1
Pepsi Clover,NOMA x Hanasaka Yui,HaxagonYT & Plxsma_RBLX,1,1
SECRET;WEAPON,NOMA & Apo11o program ft. Yukacco,Azurlexx,1,1
Brain Power,NOMA,doofyplayer,1,1
GANGNAM POWER,NOMA,GDWither,1,1
PEPSI MAN,NOMA,Plxsma_RBLX,1,1
Strength,NOMA,UsernameNotRequired,1,1
B. B. K. K. B. K. K.,nora2r,DyamoDash,1,1
Kyouran Hey Kids,Noragami Aragoto OP,M4eu,1,1
Pursuit ~ Wanting to Find the Truth,Noriyuki Iwadare,Username_NotRequired,1,1
Gotta Go Fast,Norman J. Grossfeld,Username_NotRequired,1,1
northern_limit,Kobaryo,DyamoDash,1,1
No Running!!!,Coakira,DyamoDash,1,1
Inking Mistake,NyxTheShield,GDWither,1,1
Capitalism Cannon,O2i3,Plxsma_RBLX,1,1
Heart Function,O2i3,OKMasterz,1,1
Ooi [Game Edit],O2i3,OKMasterz,1,1
TSLove,O2i3,doofyplayer,1,1
The Deepest Ocean,Aekhloria,Waterbottle317 AshFromKaaba,2,1
The Deepest Ocean,Aekhloria,Waterbottle317 AshFromKaaba,2,1
Valiant Hero,Ockeroid,Username_NotRequired,1,1
The Glorious Octagon of Destiny,OctagonCollaboration,Meteor_Melee & OKPalco & gold_wolf & Username_NotRequired & BatBrice & TotoPowah & Iamuss76 & ZitroNitro & DyamoDash & M4eu & mm1678yt & Crucru03 & Duckocute,1,1
Glittering Shores,Ocular Nebula,ZitroNitro,1,1
Stay Inside Me,Ocular Nebula,Iamuss76,1,1
Bonetrousle Euro NYEH Mix,Odyssey Eurobeat ft. Toby Fox,UsernameNotRequired,1,1
Make Your Mind,Odyssey Eurobeat,UsernameNotRequired,1,1
On The Moon,Odyssey Eurobeat,Username_NotRequired,1,1
ONIGIRI FREEWAY,OISHII,HaxagonYT,1,1
UP UP MT. CAKE,OISHII,M4eu,1,1
Dance Korone Dance!,Omiyaクラブ,ZitroNitro,1,1
KORO DISCO!,Omiyaクラブ,OKZitro & DyamoDash,1,1
Koro Funk!,Omiyaクラブ,DyamoDash & ZitroNitro,1,1
KoroKoro Step,Omiyaクラブ,OKZitro,1,1
KORO-KO-LOID,Omiyaクラブ,OKZitro,1,1
TETAHO,Omiyaクラブ,DyamoDash & ZitroNitro,1,1
Watame's Lullaby (Electro Pop arrange),Omiyaクラブ,DyamoDash,1,1
Teo,Omoi,mm1678YT,1,1
stickbug,Onett,Username_NotRequired,1,1
K8107,Onoken,DyamoDash,1,1
Alive,Ooli & Buck-P,Username_NotRequired,1,1
JUSTadICE,Oomori Seiko,mm1678YT,1,1
Do My Best,Oozora Subaru,M4eu,1,1
Лотерея Русского Музея,Opa!,Robineesti11,1,1
Oh?Oh?,Oppipurubo,DyamoDash,1,1
Doki Doki Forever,OR3O,CNMCqiqi,1,1
[bongo cat and friends] meow,OR3O,EA_Crazed,1,1
Our Generation (Underscore's Doomsday Remix),Imil & Sunhiausa,ob1cb,1,1
Acquaintance,Outsider,gold_wolf,1,1
Teriqma,owl*tree,Azurlexx,1,1
New year incontinence,OZIGIRI,EA_Crazed,1,1
THE END OF OZIGIRI,Ozigiri,Crucru03,1,1
Minecraft Building Sounds,Pacckker,UberGoobyIsLife,1,1
LEMON SUMMER,Paitan,Username_NotRequired & Meteor_Melee,1,1
Shuriken,Panda Eyes x Fyer,GDWither,1,1
Colorblind,Panda Eyes,mm1678YT,1,1
Highscore,Panda Eyes & Teminite,mm1678YT,1,1
Wake up,Panda Eyes,ob1cb,1,1
High Hopes (Two Friends Remix),Panic! At the Disco,Username_NotRequired,1,1
Chaoz Impact,ParagonX9,Username_NotRequired,1,1
HyperioxX,ParagonX9,Azurlexx,1,1
Backyard Hodge Podge,Parry Gripp,Username_NotRequired,1,1
Raining Tacos,Parry Gripp & BooneBum,reallyawesomestuff,1,1
Space Unicorn,Parry Gripp,Username_NotRequired,1,1
The Guinea Pig Is In Your Mind,Parry Gripp,Noobisnotbad1,1,1
There's A Cat Licking Your Birthday Cake,Parry Gripp,Username_NotRequired,1,1
sd_bbb,Patricia Taxxon,OKZitro,1,1
Savage,Paul Flint,skippingbee,1,1
Can He Fix It?,Paul K. Joyce ft. Neil Morrissey,Plxsma,1,1
Propulsion,Paul Whitehead,mm1678YT,1,1
If,Pa's Lam System,Skippingbee,1,1
I'm Coming,Pa's Lam System,Username_NotRequired,1,1
Computa Hakka ft. Ragga Twins,Pegboard Nerds,doofyplayer,1,1
Disconnected VIP,Pegboard Nerds,OKZitro,1,1
Gunslinga,Pegboard Nerds,doofyplayer,1,1
Luigi's Mansion,Pegboard Nerds,Username_NotRequired,1,1
Posin,Peggy Suave,superluigizero,1,1
There's No Reception in Possum Springs,PeKaNo,Crucru03,1,1
Everlasting Message,Penoreri,KindClutch,1,1
Monochrome and Vivid,penoreri,Azurlexx,1,1
Preserved Valkyria,penoreri,Azurlexx,1,1
Sailing Force,penoreri,ZitroNitro,1,1
banRave DiDiDiDi,Pento Baba.,Cruwev,1,1
"Reincarnation, Specialist",Persona 4,OKZitro,1,1
Area 184 (Platium Mix),Persona,WaterBottle317,1,1
osu! tutorial,Peter Lambert,DyamoDash,1,1
Hej Monika,PewDiePie,Username_NotRequired,1,1
Lasagna,PewDiePie,doofyplayer,1,1
Polyriddim,phonon,OKZitro,1,1
1,pianoid,nextro420,1,1
Speed fu-jin 2012,pianoid,nextro420,1,1
Loveit,PinocchioP,DyamoDash,1,1
Nobody Makes Sense,PinocchioP,ob1cb,1,1
Sick Sick Sick,PinocchioP,OKZitro & DyamoDash,1,1
Chroma,Pixel Terror ft. EMELINE,Azurlexx,1,1
Gay Frogs (Alex Jones Remix),placeboing,Iamuss76,1,1
Hitsugi to Futago,plastic ft. Sakito,WaterBottle317,1,1
the mashup that no one wanted,pluffaduff,Meteor_Melee,1,1
Battle! Wild Pokemon,Pokemon Black/White,AshFromKaaba & Frozentual,1,1
"Get Your Wish (Anamaguchi Remix, Secret Sky Edit)",Porter Robinson,KindClutch,1,1
Get Your Wish (Sewers*** Remix),Porter Robinson,gold_wolf & Haxagon,1,1
Shelter (Pure 100% Remix),Porter Robinson,Plain_Darkness,1,1
Freys Philosophy,Powerless,superluigizero,1,1
The Prelude To Bereavement,Shadow Of Intent,BasedSammy,1,1
Steamed Hams,Principal Skinner and Superintendent Chalmers,Plxsnya,1,1
Feel Your Heart,Protostar,doofyplayer,1,1
Hightechnological,PsyLine & Lunawatt & BrainStalker,ZitroNitro,1,1
Dont you want me,PSYQUI ft. Such,M4eu & reallyawesomestuff,1,1
Hype,PSYQUI ft. Such,Azurlexx,1,1
Hype (lapix remix),PSYQUI ft. Such,ZitroNitro,1,1
Education,PSYQUI,ob1cb,1,1
Funk Assembly,PSYQUI,Crucru03,1,1
Are you kidding me,PSYQUI & Mami,M4eu,1,1
Still in my heart,PSYQUI,Haxagon,1,1
Start Up,PSYQUI & Such,M4eu,1,1
Grimheart,Puru,Iamuss76,1,1
Hello Happiness,P*Light ft. mow2,WaterBottle317,1,1
2 MINUTES FIGHTERS,P*Light,Plxsma_RBLX,1,1
Gale Rider,P*Light,OKMasterz,1,1
Gekkou ranbu,P*Light,BasedSammy & TotoPowah,1,1
NINJA IS DEAD,P*Light,GDWither,1,1
SAtAN,P*Light,Plxsma_RBLX & WaterBottle317,1,1
STARLIGHT DANCEHALL,P*Light,EA_Crazed,1,1
Storm Buster,P*Light,iMasterzzRBLX,1,1
Yuuki no Pendant,Qrispy Joybox ft. Chata,superluigizero,1,1
Colorful Minutes,Qrispy Joybox ft.mao,Username_NotRequired,1,1
licca,Qrispy Joybox,Username_NotRequired,1,1
Twinkle Wonderland,Qrispy Joybox & Sana,reallyawesomestuff,1,1
snow prism,Qrispy Joybox,iMasterzzRBLX,1,1
Get A Gatling Bomber,QURELESS,DyamoDash,1,1
KiLLeR MeRMaiD,QURELESS,Crucru03,1,1
"Sewer Slide, Not Salvation",QURELESS,ZitroNitro,1,1
You are eating my rotten duck,QURELESS,Crucru03,1,1
*** * The Anthem (Xystran Remix),QURELESS,nextro420,1,1
TABULA RASA ft. KOZINAK,R.V,Robineesti11,1,1
FREEDOM DiVE↓,R3 Music Box,EA_Crazed,1,1
Goodbye to a world,R3 Music Box,Noobisnotbad1,1,1
Saika,Rabpit,superluigizero,1,1
Chipwrecked (1.2),RainbowDragonEyes,Noobisnotbad1,1,1
ra'am,Rairyu,Plxsma_RBLX,1,1
That was Too Slow,Ranzor,GDWither,1,1
entelecheia,Rche,Haxagon,1,1
Among Us In Real Life,Rebecca Zamalo,Username_NotRequired,1,1
Haachama Haachamatchama,REDALiCE ft. Akai Haato,DyamoDash,1,1
Little Star,REDALiCE ft. Ayumi Nomiya,EA_Crazed,1,1
Peko Miko Dai Sensou!,REDALiCE ft. Usada Pekora & Sakura Miko,DyamoDash,1,1
SAIKYO STRONGER,REDALiCE vs. USAO,Crucru03,1,1
Always TANOC (Kobaryo's FTN-Remix),REDALiCE,EA_Crazed,1,1
Masakari Blade,REDALiCE,EA_Crazed,1,1
マサカリブレイド (Kobaryo's FTN-Remix),REDALiCE,EA_Crazed,1,1
Appearance Go Round,RedOgre,AshFromKaaba,1,1
Possesed By The Blood Moon,ReeK,BatBrice,1,1
Yubi Breaker,ReeK,ZitroNitro,1,1
Wintery Town,Refrays,UsernameNotRequired,1,1
Unfinished Breakcore Track,Reizoko Cj,RakhaIsNoob,1,1
Sendan Life,Remo Prototype,Plxsma_RBLX,1,1
Sendan Life (katagiri Bootleg),Remo Prototype,Suyolite,1,1
Gravity,Remzcore,DyamoDash,1,1
The Castle,Renard VS. Kitsune^2,Username_NotRequired,1,1
All American Dubstep,Renard,Crucru03,1,1
Banned Forever,Renard,UsernameNotRequired,1,1
Dash Hopes 3,Renard,Plxsma_RBLX,1,1
HAPPY RAVE! ^_^,Renard,Username_NotRequired,1,1
No Matter,Renard,Username_NotRequired,1,1
Sinisterrrrrrrr,Renard,Username_NotRequired,1,1
Slap Fight,Renard,Username_NotRequired,1,1
TRUXXXXXXTON,Renard,Username_NotRequired,1,1
VS PSYCHOSHY,Renard,Username_NotRequired,1,1
WINDRAMMER STYLE,Renard,Username_NotRequired,1,1
Asymmetry,Reol,Neko_Mao,1,1
Cyber Thunder Cider,Reol,DyamoDash,1,1
Monster,Reol,Iamuss76,1,1
No title,Reol,Crucru03,1,1
Plus Danshi,Reol,WaterBottle317,1,1
Looming Dread Intense Symphonic Metal Cover,Resident Evil 2,DyamoDash,1,1
Lo-Fight (Frozentual Cover),RetroSpecter,Noobisnotbad1,1,1
Remix 10,Rhythm Heaven Fever,OKZitro,1,1
Ringside,Rhythm Heaven Fever,BasedSammy,1,1
Never Gonna Give You Up DJ Barbeque Remix,Rick Astley,X3Corsaka,1,1
Never Gonna Give You Up (Frozentual Cover),Rick Astley,FrozeniumZ,1,1
7 Eleven Sandwich Ad,Riko Sakurauchi,OKM4eu,1,1
Disorder,RIOT,WaterBottle317,1,1
Jungle Fury (sped up),RIOT,ob1cb,1,1
Overkill (AXEN Remix),RIOT,HaxagonYT,1,1
All I wanna do is touch your power points,RIPE,OKMasterz,1,1
Daydream,Riran,doofyplayer,1,1
Unshakable,RiraN,superluigizero,1,1
Bamboo,RISH ft. Choko,ZitroNitro,1,1
Punai Punai Taisou,RISH ft. CHOKO,M4eu & DyamoDash,1,1
Punai Punai Wars,RISH ft. Choko,ZitroNitro,1,1
Bi,Rissyu ft. choco,DyamoDash,1,1
Doubt You,Rival X Cadmium,Iamuss76,1,1
Fight Chilly With Chili,Robotprins,Azurlexx,1,1
DJRubRub/The Challenge,RobTop,Meteor_Melee,1,1
Daybreak,Rogue,iMasterzzRBLX,1,1
Magic Touch,Romos,Username_NotRequired,1,1
Congratulations,Roomie,doofyplayer,1,1
VEC┼LEGGENDARIA,Rotteen,GDWither,1,1
that schoolgirl,Rotten Blood,HaxagonYT,1,1
Grimm (Kobaryo's FTN Remix),RoughSketch ft. Aikapin,DyamoDash,1,1
MAYHEM,RoughSketch x CANVAS ft. Quimär,DyamoDash,1,1
666,RoughSketch,Noobisnotbad1,1,1
Ghost Family Living In Graveyard,RoughSketch,OKZitro,1,1
Nyan-Nyan-Nyan! feat. Sakipyo,RoughSketch & uno,AshFromKaaba,1,1
Madness,Rozebud,Meteor_Melee,1,1
Pico B-Side,Rozebud,Noobisnotbad1 & Naoriwa,1,1
Tutorial B-Sides,Rozebud,Frozen,1,1
PRINCESS THEME,RQ,DyamoDash,1,1
TOUCH TOUCH (Kobaryo's FTN-Remix),RQ,EA_Crazed,1,1
XX,RQ,DyamoDash,1,1
Still Piano,Rua ft. K,Naoriwa,1,1
Sweet Crepe,RUQOA,EA_Crazed,1,1
Time to Say Goodbye,RWBY,IAteADoorKnob,1,1
Sharkbait,ryhki,DyamoDash,1,1
Ballad of the Wind Fish,Ryo Nagamatsu,UsernameNotRequired,1,1
Go Beyond!!,Ryu vs Sota,GDWither,1,1
AGEHA,Ryu,Username_NotRequired,1,1
bloomin' feeling,Ryu,Username_NotRequired,1,1
I'm so Happy,Ryu,Username_NotRequired,1,1
Second Heaven,Ryu,Username_NotRequired,1,1
Intersect Thunderbolt (Remix),S.S.H.,gold_wolf,1,1
It Went,S3RL ft. Tamika,Username_NotRequired,1,1
catchit,S3rl,Eipcness99,1,1
MTC,S3RL,Qwarkie,1,1
Pika girl,S3RL,Noobisnotbad1,1,1
R4V3 B0Y,S3RL,GDWither,1,1
Termination Shock,Sabrepulse,Azurlexx,1,1
Far In The Blue Sky,Saikoro,ELDragonPL,1,1
SAILOR OF EXTRATONE-ちゆり,さきむらりゅう VS Аутумн леавес,DyamoDash,1,1
Shin Takarajima,Sakanaction,ZitroNitro,1,1
In the soil daily life with a sardine,SakiZ,gold_wolf,1,1
osu!memories Sped Up,SakiZ,mm1678YT,1,1
After Altale,Sakuzyo,Crucru03,1,1
Altale,Sakuzyo,Crucru03,1,1
Fracture Ray,Sakuzyo,reallyawesomestuff,1,1
Imprinting,Sakuzyo,reallyawesomestuff,1,1
Kronos,Sakuzyo,Crucru03,1,1
Samba Land,SAMBA MASTER -SATOH-,WaterBottle317,1,1
Avant Raze,Sampling Master MEGA,EA_Crazed,1,1
The Megalovania Revolving,Samussic,Username_NotRequired,1,1
Donkey Kong,San Holo,Miles_Anarsk,1,1
Crossing Field (TrulsBeats Remix),SAO,Neko_Mao,1,1
It's Raw!,Sapporo Norikurari,DyamoDash,1,1
Kumano,saradisk - 220,BlueyGD,1,1
mo°lmo°l,sasakure. UK,superluigizero,1,1
Pacman Wizard,schmutz06,Username_NotRequired,1,1
that schoolgirl,Rotten Blood,HaxagonYT,1,1
Ghost House,Schtiffles,OKZitro,1,1
Lucky Coin (Short),Schtiffles,NoahIsHere,1,1
Taut Strings,Schtiffles,Robineesti11,1,1
Extra Credit on the Chromosome Test! VICTORY ROYALE​!​!​!,Schwank (feat. Lil Triangle),fogsaturate & Noobisnotbad1,1,1
Overworld Day,Scott Lloyd Shelly,OKZitro,1,1
Plantera,Scott Lloyd Shelly,Water,1,1
scream assisted speedcore ( KoJuan remix),Kobaryo ft KoJuan,Haxagon,1,1
AO-Infinity,Seiryu,Plxsma_RBLX,1,1
Critical Crystal,Seiryu,M4eu,1,1
Water Horizon,Seiryu,Plxsma_RBLX,1,1
Horrible Kids,Set It Off,KindClutch,1,1
old town road but played on my synth,Seth Everman,Meteor_Melee,1,1
The Heretic Prevails,Shadow of Intent,BasedSammy,1,1
The Prelude To Bereavement,Shadow Of Intent,BasedSammy,1,1
"Dark, Darker, Yet Darker",SharaX,WaterBottle317,1,1
Rocket Jump Waltz,SharaX,GDWither & DyamoDash,1,1
Quadraphinix 1.5x,Sharkey & Arkitech,nextro420,1,1
Paper Dolls,Shawn Daley,Iamuss76,1,1
Marble Soda,Shawn Wasabi,doofyplayer,1,1
Burnt Rice (Remix),Shawn Wasabi + YDG,WaterBottle317,1,1
"Mo Bamba ""Ro Bamba"" (Roblox da Gamer ROBLOX Parody)",Sheck Wes,doofyplayer,1,1
Gypsy Bard,Sherclop Pones,UsernameNotRequired,1,1
Pinkie's Brew,Sherclop Pones,Username_NotRequired,1,1
Distance,Shiey,Robineesti11,1,1
Polar Night,Shiey,Robineesti11,1,1
Mousou 4tune,Shinichi Yuuki,EA_Crazed,1,1
TAIKA,Shinonome I/F & blaxervant,Azurlexx,1,1
Ark,Ship Wrek & Zookeepers,Meteor_Melee,1,1
Shinsekai,Shiraishi,ZitroNitro,1,1
Opia,Shirobon,ZitroNitro,1,1
Death Moon,SHK,Username_NotRequired,1,1
East West Wobble,SHK,Username_NotRequired,1,1
Halloween Party,SHK,Meteor_Melee,1,1
Porkys Porkies,Shogo Sakai & The Pelones,UsernameNotRequired,1,1
Last Surprise,Shoji Meguro,Username_NotRequired,1,1
Your Affection,Shoji Meguro,Crucru03,1,1
Dragonspiral Tower (PokeRemixStudio Remix),Shota Kageyama,Cruwev,1,1
40 Second Terror,Siggator,iMasterzzRBLX,1,1
TOMINICOLA,Siggator,ob1cb,1,1
vdf192,Siggator,iMasterzzRBLX & ob1cb,1,1
when ur out of idea,Siggator,iMasterzzRBLX,1,1
#### Summer Beach Collab,SIGMA,DyamoDash & Crucru03 & ZitroNitro & M4eu,1,1
Cherry Bomb (Poppin'Party cover),SILENT SIREN,AddictedToping,1,1
Routine,Silent Siren,andrew2005689,1,1
Finixe,Silentroom,Azurlexx,1,1
GAMEBOY,Silentroom,OKZitro,1,1
Nhelv,Silentroom,GDWither & BasedSammy,1,1
NULCTRL,Silentroom,OKZitro,1,1
NULCTRL (Meiso Flip),Silentroom,ZitroNitro,1,1
Protoflicker,Silentroom,reallyawesomestuff,1,1
Outer Solution,Silentroom & Tanchiky,X3Corsaka,1,1
Cool Friends (Murtargh & Veschell Remix),Silva Hound,ZitroNitro,1,1
Vertex DELTA,Silvia,nextro420,1,1
Beat The Drum Hard (Kobaryo's FTN Remix),Sinister Souls,ZitroNitro,1,1
Conflict,siromaru + Cranky,reallyawesomestuff,1,1
Cinema Gem Shards Remix,Skrillex,Eipcness99,1,1
Lumia,sky delta,Crucru03,1,1
Through The Night,Slushii ft. Hatsune Miku,skippingbee,1,1
Luv U Need U,Slushii,doofyplayer,1,1
Lifelight (Camellia's Hardstyle Bootleg),Smash Bros. Ultimate,OKMasterz,1,1
WALKIN',Smash Mouth,ZitroNitro,1,1
1 + 1,SMASH THE PAINT!!,Crucru03,1,1
Candy Dash,Snails House,oooiio,1,1
Pixel Galaxy,Snails House,doofyplayer,1,1
Pastel,Snail's House x Moe Shop,Crucru03 & Azurlexx,1,1
amayadori,Snail's House,OKZitro,1,1
ra-mu-ne,Snail's House,Azurlexx,1,1
Snailchan Adventure,Snail's House,OKPalco,1,1
Heartbeat,Snoodood,Crucru03,1,1
Tenohira de Odoru,Soko ni Naru,nextro420,1,1
Sonata,Beethoven,ob1cb,1,1
Tetris Hero 98% Expert (Launchpad Cover),SoNevable,Meteor_Melee,1,1
Happppy song,SOOOO,Haxagon & BasedSammy,1,1
iiillluuuvvvUUU,SOOOO,WaterBottle317,1,1
Raven Haven,SOOOO,DyamoDash & OKZitro,1,1
Saikousoku Fall in Love,Sora Amamiya,AddictedToping,1,1
Raijin no Hidariude,Sound Horizon,Based,1,1
3rd Avenue,Sound Souler,OKZitro,1,1
Dead Soul,Sound Souler,GDWither,1,1
The Alure Of Disturbia,Sound Space,Eipcness99,1,1
Welcoming NOOB,SOUNDEVOTEE,DyamoDash,1,1
Freak It VIP,Spag Heddy,CNMCqiqi,1,1
Science Blaster (Remix),SpellingPhailer,Username_NotRequired,1,1
F.U.N,SpongeBob & Plankton,Iamuss76,1,1
Valkyrie Dimension,Spriggan,ZitroNitro,1,1
SplatoonFinalBossTheme,SquidSisters,BatBrice,1,1
GOD EATER,srPerez,FrozeniumZ & Qwarkie,1,1
99 Glooms,Sta,Naoriwa,1,1
Conway's Child,Sta,DyamoDash,1,1
The Force (Far Out Remix),Star Wars,Robineesti11,1,1
The Queen's Final Coda,Steampianist and Elbo,Crucru03,1,1
The Undertakers Daughter Instrumental,SteamPianist,M4eu,1,1
Caramelldansen (Stella Hiragana Remix),Stellabee,M4eu,1,1
In Heaven,Stellabee,KindClutch,1,1
Life Porter,Stellabee,Qwarkie,1,1
Ubiquity,Stellabee,GDWither,1,1
Polargeist,Step,Username_NotRequired,1,1
Crossfire,Stephen,Neko_Mao,1,1
Stereo Saiyan 3D,fartwad,WaterBottle317,1,1
The Government,Stonebank,AzureWolfie,1,1
me & u,succducc,HaxagonYT,1,1
Ill Fight Back,Sullivan King,Uli6636,1,1
POP TEAM EPIC (TV Size),Sumire Uesaka,DyamoDash,1,1
Sequence Start,Sungazer,Negations,1,1
Flurry Rush,Sunnexo,ZitroNitro,1,1
All-Star Rest Area,Super Smash Bros. Brawl,Username_NotRequired,1,1
Main Theme,Super Smash Bros. Brawl,Meteor_Melee,1,1
Waluigi Pinball,Super Smash Bros. Brawl,Meteor_Melee,1,1
Menu Theme (Kazoo Cover),Super Smash Bros. Melee,Meteor_Melee,1,1
Main Theme (Metal Cover by RichaadEB),Super Smash Bros. Ultimate,doofyplayer,1,1
"Superluminal Absolutely EXTRA-TONE-ordinary ""Bumpy Ride""",Camellia,HaxagonYT,1,1
Tell Me Why (T-Mass Remix),Supermode,DyamoDash,1,1
Cake Pop,Synthion,M4eu,1,1
Megalara Garuda,SYUNN,DyamoDash,1,1
spring pony,S-C-U,Username_NotRequired,1,1
POSSESSION,TAG underground,Username_NotRequired,1,1
Pae Ki (meganeko remix),Tak,Crucru03 & Robineesti11,1,1
Meguru Mono,Takuma Terashima,doofyplayer,1,1
Nameless Story,Takuma Terashima,AddictedToping,1,1
ENERGY SYNERGY MATRIX,Tanchiky,Based,1,1
Tenkai Rising (RiraN Psystyle Remix),Tanchiky,OKMasterz,1,1
Fresh!,Tanger feat. Schwank,Avibah4uu2,1,1
BATTLE NO.1,TANO*C Sound Team,gold_wolf,1,1
GLTCHLFE,Taryn Manning,skippingbee,1,1
Tool-Assisted Speedcore (TQBF Frame Advance RMX),Kobaryo,HaxagonYT,1,1
Tool-Assisted Speedcore (TQBF Remix) End Practice,Kobaryo,HaxagonYT,1,1
Tool-Assisted Speedcore (TQBF Remix) End Practice,Kobaryo,HaxagonYT,1,1
Image Material,Tatsh,GDWither & Plxsma_RBLX,1,1
RED ZONE,Tatsh & NOAKI,BatBrice,1,1
Xepher,Tatsh,BasedSammy,1,1
Xevel,Tatsh,BasedSammy,1,1
Rocket Jump Waltz (Piano Cover),Team Fortress 2,Meteor_Melee,1,1
Grievous Lady,Team Grimoire vs. Laur,WaterBottle317,1,1
croiX,Team Grimoire + amaneko,Username_NotRequired & Plxsma_RBLX,1,1
CroiX (SDVX Edit),Team Grimoire + Amenko,TotoPowah,1,1
C18H27NO3,Team Grimoire,WaterBottle317,1,1
Guilles d3 R415,Team Grimoire,nextro420,1,1
Restriction,Team Grimoire,eipcness99,1,1
I Cannot Defeat Airman,TEAM Nekokan,WaterBottle317,1,1
Acquire,Team Power,Miles_Anarsk,1,1
Akzeriyyuth,Team&Dj Grimoire,ZitroNitro,1,1
Jingle Bells,Techno Dubstep,mm1678YT,1,1
ME!ME!ME!,Teddyloid ft. Daoko,Username_NotRequired,1,1
Tell Me Why Speedcore is so Awesome,m1dlet,Waterbottle317 MetaHumanBoi,2,1
Earthquake,Teminite,BatBrice & ob1cb,1,1
Space Invaders,Teminite & MDK,Robineesti11,1,1
Unstoppable,Teminite,Duckocute,1,1
Temporary Euphoria,DJ Myosuke,EA_Crazed,1,1
Beelzeboss (OctagonCollaboration Cover),Tenacious D,Meteor_Melee,1,1
Tengu (Album Mix),m1dy,ob1cb & tbcgazar,3,1
l'oiseau qui danse,Tennyson,M4eu,1,1
Tokyo Drift Eurobeat Remix,Teriyaki Boyz,UsernameNotRequired,1,1
Terminal Missa,Laur,ob1cb,1,1
Sunday Night Blues,TERU FOX,Naoriwa,1,1
Bwa !,Thaehan,OKMasterz,1,1
Doki-Doki,Thaehan,HaxagonYT,1,1
Insert Coin,Thaehan,iMasterzzRBLX,1,1
Ohayou,Thaehan,BasedSammy,1,1
Saiyajin,Thaehan,Noobisnotbad1,1,1
The Life Ain't Perfect Song,The Amazing World of Gumball,Meteor_Melee,1,1
It's just a burning memory,The Caretaker,Noobisnotbad1,1,1
Sick Boy (ONEDUO Remix),The Chainsmokers,skippingbee,1,1
Crazy Noisy Bizzare Town,The DU,M4eu,1,1
Passage D,The Flashbulb,ZitroNitro,1,1
2004 Breakup,The Gentlemen,Noobisnotbad1,1,1
Forgotten,The Ghost of 3.13,gold_wolf,1,1
A Fool Moon Night,The Koxx,WaterBottle317,1,1
Sister Hate,The Living Tombstone ft. Mic the Microphone,Username_NotRequired,1,1
Carol of the Bells Remix,The Living Tombstone,FanaticalChance11,1,1
Good ol' Days,The Living Tombstone,Username_NotRequired,1,1
Heavys Pizza Song,The Living Tombstone,TotoPowah,1,1
I Got No Time (CG5 Remix),The Living Tombstone,Username_NotRequired,1,1
The Lost Temple (10 Years Edit),Aekhlorią,bartek608,1,1
Mou Ii Kai,THE ORAL CIGARETTES,ZitroNitro,1,1
Bad Dream Baby,The Quick Brown Fox,Noobisnotbad1,1,1
Big Money,The Quick Brown Fox,GDWither,1,1
Break (1.1x),The Quick Brown Fox,nextro420,1,1
BURNING BRAIN,The Quick Brown Fox,Plxsnya,1,1
Coward Killing Time,The Quick Brown Fox,UsernameNotRequired,1,1
CRT,The Quick Brown Fox,Water,1,1
Das Love Bop,The Quick Brown Fox,ZitroNitro,1,1
ELECTRIC HEX,The Quick Brown Fox,nextro420,1,1
Go Go Go!,The Quick Brown Fox,Username_NotRequired,1,1
Gotsta terrify,The quick brown fox,WaterBottle317,1,1
Here we go,The Quick Brown Fox,Duckocute,1,1
Im A Freaking Car,The Quick Brown Fox,OKMasterz,1,1
Knocked The #### Out,The Quick Brown Fox,Username_NotRequired,1,1
Louder!! Louder!!!! Louder!!!!!!,The Quick Brown Fox,Username_NotRequired,1,1
"MAYBE, YEA",The Quick Brown Fox,Noobisnotbad1,1,1
PACEMAKER REV_2.1,The Quick Brown Fox,Plxsma_RBLX,1,1
Play This In Audiosurf,The Quick Brown Fox,Username_NotRequired,1,1
Serious ####,The Quick Brown Fox,GDWither,1,1
Shut Down Everything,The Quick Brown Fox,Username_NotRequired & Meteor_Melee,1,1
SLEEPY EYES AGAIN ,The Quick Brown Fox,Noobisnotbad1,1,1
THANK YOU,The Quick Brown Fox,Username_NotRequired,1,1
The big black,The quick brown fox,WaterBottle317,1,1
WANDERLUST,The quick brown fox,BatBrice & Azurlexx,1,1
WANDERLUST (DM DOKURO Remix),The Quick Brown Fox,Username_NotRequired,1,1
Ascend,TheDooo,BatBrice,1,1
MAYDAY (Nightcore),TheFatRat ft. Laura Brehm,DyamoDash,1,1
We'll Meet Again,TheFatRat ft. Laura Brehm,Azurlexx,1,1
You and me,Therefore,Naoriwa,1,1
Time Traveler,KNOWER,fogsaturate,1,1
Ticking,TIN,Miles_Anarsk & 6ixxes,1,1
Eurodancer,TMM43,Username_NotRequired,1,1
Ultimate Destruction,TMM43,Username_NotRequired,1,1
Candyland,Tobu,ZitroNitro,1,1
I CAN SWING MY SWORD!,Tobuscus,Meteor_Melee,1,1
Don't Forget,Toby Fox ft. Laura Shigihara,Username_NotRequired,1,1
Amalgam 1,Toby Fox,Robineesti11,1,1
Black Metal Cover,Toby Fox,TotoPowah,1,1
Bonetrousle,Toby Fox,mm1678YT,1,1
Bonetrousle (Trailer Version),Toby Fox,Meteor_Melee,1,1
Card Castle,Toby Fox,Meteor_Melee,1,1
Chaos King,Toby Fox,Username_NotRequired,1,1
Darkness Falls,Toby Fox,Crucru03,1,1
Determination,Toby Fox,Robineesti11,1,1
Dogsong,Toby Fox,Robineesti11,1,1
Dummy!,Toby Fox,Robineesti11,1,1
Enemy Approaching,Toby Fox,Robineesti11,1,1
Finale,Toby Fox,GDWither,1,1
Gaster's Theme Uncorrupted,Toby Fox,mm1678YT,1,1
Ghost Fight,Toby Fox,Robineesti11,1,1
Heartache,Toby Fox,Robineesti11,1,1
Here We Are,Toby Fox,Robineesti11,1,1
Home,Toby Fox,Robineesti11,1,1
Megalo Strike Back,Toby Fox,X3Corsaka,1,1
Megalovania Camellia Remix,Toby Fox,WaterBottle317,1,1
Megalovania (Sim Gretina Remix),Toby Fox,oooiio,1,1
Megalovania (Smash Remix),Toby Fox,doofyplayer,1,1
Metal Crusher,Toby Fox,iMasterzzRBLX,1,1
Mysterious Place,Toby Fox,Robineesti11,1,1
Quiet Place,Toby Fox,Plxsma,1,1
Rude Buster,Toby Fox,Duckocute,1,1
Ruins,Toby Fox,Robineesti11,1,1
Snowdin Town,Toby Fox,Robineesti11,1,1
Snowy,Toby Fox,UsernameNotRequired,1,1
Spider Dance (Remix),Toby Fox,skippingbee,1,1
Tem Village,Toby Fox,Plxsma_RBLX,1,1
TemShop (Frozentual Corrupted Remix),Toby Fox,FrozeniumZ,1,1
The World Revolving,Toby Fox,doofyplayer,1,1
The World Revolving (Pelones Cover),Toby Fox,Meteor_Melee,1,1
Uwa!! So Temperate,Toby Fox,Robineesti11,1,1
Vs. Lancer,Toby Fox,Meteor_Melee,1,1
Yankee Dance,Toby Fox,OKMasterz,1,1
STAKEHOLDER Zekks Breakkore Edit,tofubeats,BasedSammy,1,1
Klarissa,tohi,OKZitro & DyamoDash,1,1
Deathno Friends,tokachi,EA_Crazed,1,1
-ERROR,Tokoyami Towa,DyamoDash,1,1
GET UP,Tokyo Machine x Guy Arthur,Username_NotRequired,1,1
Blast,Tokyo Machine,doofyplayer,1,1
Bubbles,Tokyo Machine,doofyplayer,1,1
Cookies,Tokyo Machine,doofyplayer,1,1
Crazy,Tokyo Machine,doofyplayer,1,1
CRAZY (YUKIYANAGI UK Hardcore Edit),Tokyo Machine,OKZitro,1,1
Epic,Tokyo Machine,Neko_Mao,1,1
Fight,Tokyo Machine,doofyplayer,1,1
Fly,Tokyo Machine,doofyplayer,1,1
Hype,Tokyo Machine,Neko_Mao,1,1
OKAY,Tokyo Machine,Neko_Mao,1,1
Pixel,Tokyo Machine,Neko_Mao,1,1
Spooky,Tokyo Machine,doofyplayer,1,1
Animalove,TOMA,Suyolite,1,1
Crisis City (SoInhumane Cover),Tomoya Ohtani,Avibah4uu2,1,1
Pumped Up Kicks,Tongo,Username_NotRequired,1,1
Heat Wave,Tony Romera,reallyawesomestuff,1,1
Enigma,Toromaru,OKZitro,1,1
Enigma II,Toromaru,ZitroNitro,1,1
Satori de pon!,Toromi,ZitroNitro,1,1
Africa flute cover,Toto,TotoPowah,1,1
The End,Touhou Eurobeat,Miles_Anarsk,1,1
Discussion Music,Town Of Salem,M4eu,1,1
Night Music,Town of Salem,OKPalco,1,1
Sicko Mode (Crankdat Remix),Travis Scott,skippingbee,1,1
Her name is ビンLady,Tree Palm,ZitroNitro,1,1
Plastic Girls,Tree Palm,OKZitro,1,1
Neverland,Trifect,ZitroNitro,1,1
Seven doors,Trinity Seven,andrew2005689,1,1
SHOTGUN JUGGLE,Truxton,Username_NotRequired,1,1
Find the Pieces,TryHardNinja & Captainsparklez,FrozeniumZ,1,1
Dragonhearted,TryHardNinja,UsernameNotRequired,1,1
PIZZATIME,Tsubusare BOZZ,M4eu,1,1
Munchy Monk Circus,Tsunku,BasedSammy,1,1
Rockefeller Street (Eurobeat Remix),Turbo,gold_wolf,1,1
Thanos Buster,Tuskoub,OKPalco & OKZitro & Meteor_Melee & Naoriwa,1,1
Anoyo-iki no Basu ni Notte Saraba,TUYU,Haxagon,1,1
Anoyo-iki no Basu ni Notte Saraba (a? Edit),TUYU,ZitroNitro,1,1
Kako ni torawarete iru,TUYU,ZitroNitro,1,1
Rūzāgāru,TUYU,ZitroNitro,1,1
Shūten no saki ga aru to surunaraba.,TUYU,ZitroNitro,1,1
Yappari Ame wa Furunda ne,TUYU,OKZitro,1,1
Heathens (Remix),Twenty One Pilots,Username_NotRequired,1,1
Triumph & Regret,typeMARS,BlueyGD,1,1
Verflucht,Tyrfing,BasedSammy,1,1
IZANA,t+pazolite vs. P*Light,ZitroNitro & Azurlexx,1,1
angelic jelly,T+Pazolite,GDWither,1,1
BIG HEAD BANGING,t+pazolite,DyamoDash,1,1
Boogie Woogie Splatter Show,t+pazolite,OKZitro,1,1
Boogie Woogie Splatter Show (Dj Myosuke Remix),t+pazolite,nextro420,1,1
BPM=RT,t+pazolite,DyamoDash,1,1
"Boku no Yume, Mecha #### Mugen Waki (Nanahira cover)",t+pazolite & Camellia,OKPalco & Naoriwa & OKZitro,1,1
CENSORED!!,t+pazolite,doofyplayer,1,1
Chartreuse Green,t+pazolite,ZitroNitro,1,1
Cheatreal,T+Pazolite,Plxsma_RBLX,1,1
Countdown 321 (2020 remake),t+pazolite,DyamoDash,1,1
Dogbite,t+pazolite,Crucru03 & EA_Crazed,1,1
Electric Butterfly,t+pazolite,OKPalco,1,1
Electric Sister,T+Pazolite,WaterBottle317,1,1
Garakuta Doll Play,T+Pazolite,WaterBottle317,1,1
Twisted Drop Party,t+pazolite & Getty,OKZitro & Azurlexx,1,1
Guchagucha Coke Screw,t+pazolite,Water,1,1
HallucinationXXX,t+pazolite,ob1cb,1,1
Hanavision,t+pazolite,DyamoDash,1,1
Headbang Bach,t+pazolite,DyamoDash,1,1
KABOOOOOM!!!!,t+pazolite,Username_NotRequired,1,1
with U,t+pazolite & Massive New Krew ft. Lily (CV: Aoki Shiki),DyamoDash,1,1
Muzik Overload,t+pazolite,Plxsnya,1,1
NEKOCHANG,t+pazolite,Crucru03,1,1
Ofcourse I neeD and neEd and Need and Need and NEED YOU.,t+pazolite,TotoPowah & DyamoDash,1,1
OMAKENO STROKE,t+pazolite,WaterBottle317,1,1
Oshama Scramble!,t+pazolite,doofyplayer,1,1
Overcome Me!!!!!!!,t+pazolite,ZitroNitro,1,1
Psyched Fevereiro,t+pazolite,ZitroNitro,1,1
Qzkago Requiem,t+pazolite,WaterBottle317,1,1
QZKago Requiem (Uncut Edition),t+pazolite,DyamoDash,1,1
Renegade Fruits,t+pazolite,Water,1,1
Squeaky Mind,t+pazolite,superluigizero,1,1
Suddenly Comes,t+pazolite,OKZitro,1,1
Tempestissimo,t+pazolite,BasedNA & EA_Crazed,1,1
Third Time UNLucky,t+pazolite,Avibah4uu2 & AshFromKaaba,1,1
You Are The Miserable,t+pazolite,WaterBottle317,1,1
YURUSHITE,t+pazolite,ZitroNitro,1,1
Hardcore Syndrome,t+pazolite (HARDCORE TANO*C) ft. TANO*C ALL STARS,DyamoDash,1,1
Lesson by DJ,U.T.D. & Friends,WaterBottle317,1,1
Mario Paint (Time Regression Mix for BMS) [D-ANOTHER],ueotan,WaterBottle317,1,1
FIRST:DREAMS,uma vs. Morimori Atsushi,nextro420,1,1
GLORY:ROAD,uma vs. Morimori Atsushi,nextro420,1,1
Re:End of a Dream,uma vs. Morimori Atsushi,DyamoDash,1,1
Give life to Extratone,uma,DyamoDash,1,1
Keep it up,uma,ZitroNitro,1,1
Vampin Magic,uma,GDWither,1,1
Bison Charge,Umeboshi Chazuke,GDWither,1,1
Panic! Pop'n! Picnic! (2019 REMASTER),Umeboshi Chazuke,Noobisnotbad1,1,1
Sayonara Cosmonaut,Umeboshi Chazuke,reallyawesomestuff,1,1
humanly,umu.,BasedSammy,1,1
And Say Good Bye...,UNDEAD CORPORATION,nextro420,1,1
Embraced By The Flame,Undead Corporation,andrew2005689,1,1
Everything Will Freeze,UNDEAD CORPORATION,WaterBottle317,1,1
Flowering Night Fever,UNDEAD CORPORATION,Plxsma_RBLX,1,1
Flowering Night Fever (Full),UNDEAD CORPORATION,MustFollowYou,1,1
Magus Night Fever,UNDEAD CORPORATION,nextro420,1,1
Necro,UNDEAD CORPORATION,nextro420,1,1
Setsugetsu Ouka no Kuni,UNDEAD CORPORATION,DyamoDash,1,1
Slash Your Mind,UNDEAD CORPORATION,nextro420,1,1
The Empress (scream off ver.),UNDEAD CORPORATION,WaterBottle317,1,1
Under The Scarlet Sky Pt. 3,UNDEAD CORPORATION,nextro420,1,1
Akai Haato's Secret Room,,M4eu,1,1
Banjo-Kazooie N64 Theme,,Meteor_Melee,1,1
Bork Till You're Dead,,Neko_Mao,1,1
Nokia Arabic Ringtone (Remix),,DyamoDash,1,1
NOS Studio Sport Intro,,TotoPowah,1,1
Putin Summons Comrade Elmo,,BatBrice,1,1
Seirei Tsukai no Blade Dance,,mm1678YT,1,1
This Will Be The Day (James Landino Remix),,skippingbee,1,1
Total Drama Island Theme Song,,Meteor_Melee,1,1
UKF Dubstep Tutorial Presented by Dubba Johnny,,DyamoDash,1,1
Unox Theme,,TotoPowah,1,1
Wilhemus van Nassouwe,,TotoPowah,1,1
Superhero,Unknown Brain,Iamuss76,1,1
Omega Rhythm,UPLIFT SPICE,andrew2005689,1,1
Avenger,USAO,OKMasterz,1,1
Big Daddy,USAO,WaterBottle317,1,1
BroGamer,USAO,GDWither,1,1
Chariot,USAO,ZitroNitro,1,1
Cyaegha,USAO,Azurlexx,1,1
Dynamite Camellias Matcho TNT Remix,USAO,skippingbee & ob1cb,1,1
FREEDOM,USAO,GDWither,1,1
Miracle 5ympho X,USAO,Plxsma_RBLX,1,1
MIracle 5ympho X Kobaryo FTN Remix,USAO,EA_Crazed,1,1
Miracle 5ympho X (Extended Mix),USAO,EA_Crazed,1,1
Night Sky,USAO,GDWither,1,1
Showdown,USAO,skippingbee,1,1
USAO ULTIMATE HYPER MEGA MIX,USAO,DyamoDash,1,1
XTREME,USAO,ZitroNitro,1,1
MiKUSABBATH,utsuP,aaddggjjll1234,1,1
Future style,U's,Username_NotRequired,1,1
Korekara No Someday,U's,M4eu,1,1
SUNNY DAY SONG,U's,M4eu,1,1
Katharsis,u-z ft. CHERICa,nextro420,1,1
End Of Your Existence,Vaenus,ZitroNitro,1,1
Lazorbeamz,Vaenus,BlueyGD,1,1
Buff Jesus,Vargskelethor,DyamoDash,1,1
Jinjin's ET Mania Mix,Various Artists,gold_wolf,1,1
Learning The Alphabet With Songs,Various Artists,WaterBottle317,1,1
Learning The Alphabet With Songs 2,Various Artists,Noobisnotbad1,1,1
PEPPY FIX TAIKO STAR RATING PLEASE for a happier,Various Artists,ShadowPro520,1,1
Mario Beatbox Solo,Verbalase,Username_NotRequired,1,1
Hitoribocchi no Maou,Verdammt,DyamoDash,1,1
In Style,veriya i streko,skippingbee,1,1
Astronomia (Camellia Remix),Vicetone & Tony Igy,OKMasterz,1,1
Wii Sports (Remix),Video Game Remixes,AshFromKaaba,1,1
Another Halcyon,VILA & xi,Azurlexx,1,1
Villain Virus (feat. Camellia),Kobaryo,EA_Crazed,1,1
Fast Fight,Ville Nousiainen,iMasterzzRBLX & GDWither,1,1
Applause,VINXIS,HaxagonYT,1,1
Sidetracked Day,VINXIS,ob1cb,1,1
Violentiam,DjGitsu,"Wasteful, Zitro, Bartek",3,1
PN-35A (Virtual Riot Remix),Virtual Riot,skippingbee,1,1
FLARE (sped up),Void_Chords ft. LIO,nextro420,1,1
World Vanquisher,void(MournFinale),superluigizero,1,1
Black Lotus,wa.,andrew2005689,1,1
Tengaku,Wagakki Band,BasedSammy,1,1
Reanimate,Warak,doofyplayer,1,1
Happy Happy Friends,Wataten 5,AddictedToping,1,1
Blast Processing,Waterflame,Username_NotRequired,1,1
Clownparty,Waterflame,Username_NotRequired,1,1
Electroman Adventures (GD Cut),Waterflame,Meteor_Melee,1,1
Final Battle,Waterflame,ZitroNitro,1,1
Geometrical Dominator,Waterflame,Azurlexx,1,1
Glorious Morning,Waterflame,UsernameNotRequired,1,1
Grind District,Waterflame,Username_NotRequired,1,1
Jumper,Waterflame,mm1678YT,1,1
Pain Engine,Waterflame,Crucru03,1,1
Striker,Waterflame,Username_NotRequired,1,1
The race around the world,Waterflame,Username_NotRequired,1,1
The Show,Waterflame,UsernameNotRequired,1,1
Wingless,Waterflame,GDWither,1,1
Erectin' a River,wazgul,DyamoDash,1,1
Blue-White Crazybits,WC-Washlet,gold_wolf,1,1
Loop de Loop,Ween,Username_NotRequired,1,1
I'm your daddy,weyheyhey !!,GDWither,1,1
Dead To Me (ft. Lox Chatterbox),Whales & Fraxo,HaxagonYT,1,1
When I use it,Buster Nalmi,tbcgazar,1,1
Unknown Creature,WhiscasKaat,Azurlexx,1,1
Black Rover,Will Stetson,M4eu,1,1
Harumachi Clover,Will Stetson,Plxsma_RBLX & HaxagonYT,1,1
Hime Hime (Swing Arrangement),Will Stetson,Meteor_Melee,1,1
No title (Swing Arrangement),Will Stetson,Username_NotRequired,1,1
Snow Halation (Cover),Will Stetson,Username_NotRequired,1,1
Wonder Parade 1.1x,Umeboshi Chazuke,minty,1,1
Pistol & Cutlass,Wontolla,AzureWolfie,1,1
Get Crazy,Wubbaduck,BatBrice,1,1
DADADADA Of The Bumblebee (J.E.B VIP Edit),WUKI,ZitroNitro,1,1
DADADADA (VIP Edit),Wuki,ob1cb & Nextro420,1,1
LVL UP,XaeboR,Username_NotRequired,1,1
Smokebreak,XAVLEGBMAOFFFASSSSITIMIWOAMNDUTROABCWAPWAEIIPPOHFFFX,DyamoDash,1,1
akaaha,xi,dont know dont care,1,1
Tiferet,xi ft. sta,reallyawesomestuff,1,1
FREEDOM DiVE[METAL†DIMENSIONS]',xi remixed by cosMo@BousouP,Azurlexx,1,1
Storia,xi vs Sakuzyo,reallyawesomestuff,1,1
Akasha,xi,WaterBottle317,1,1
Ascension to Heaven,xi,Azurlexx,1,1
Blue Zenith,xi,mm1678YT,1,1
FREEDOM DiVE↓,xi,EA_Crazed,1,1
FREEDOM DiVE↓ (tpz Overcute Remix),xi,GDWither,1,1
Glorious Crown,xi,EA_Crazed,1,1
Glorious Crown (tpz over Over OVERCUTE Remix),xi,WaterBottle317,1,1
Happy End of the World,xi,eipcness99,1,1
Last Resort,xi,mm1678YT,1,1
over the top,xi,WaterBottle317,1,1
Pandemonium,XI,Crucru03,1,1
Shanghai Steel~Metallic Tea,xi,EA_Crazed,1,1
Singularity,xi,reallyawesomestuff,1,1
Solar Storm,xi,gold_wolf,1,1
Thanatos,xi,OKPalco,1,1
Vanitas,xi,reallyawesomestuff,1,1
Wish Upon Twin Stars,xi,Azurlexx,1,1
Corrosive,Xtrullor,Robineesti11,1,1
Cry,Xtrullor,OKZitro,1,1
Conflict Memory,Xystran,Crucru03,1,1
Depressed Mind,Xystran,OKPalco,1,1
Farewell,Xystran,Cruwev,1,1
"No Fear, No Despair, With All My Hearts",Xystran,DyamoDash,1,1
Vernunft,Xystran,Crucru03,1,1
Daisuke,Y & Co.,gold_wolf,1,1
flameflower,Yanhua,nextro420,1,1
Lo-Fi-M,yaseta,AzureWolfie,1,1
Heads Will Roll (JVH-C Remix),Yeah Yeah Yeahs,Meteor_Melee,1,1
Curry da yo!,YMCK,gold_wolf,1,1
Ghostbusters Theme Song (Remix),Yoav Landau,M4eu,1,1
DimmaDubstep,YogurtWithSprinkles,Username_NotRequired,1,1
YELLOW,Yoh Kamiyama,Naoriwa,1,1
Never Let Up,Yoko Shimomura,Crucru03,1,1
The Final Antasma Battle,Yoko Shimomura,Crucru03,1,1
The Grand Finale,Yoko Shimomura,Username_NotRequired,1,1
Destroy -agitato-,Yooh,OKZitro,1,1
Electronic Sound Lab,Yooh,GDWither,1,1
Heracles,Yooh,ZitroNitro,1,1
Ice Angel,Yooh,Plxsma_RBLX,1,1
MariannE (Dutch Psy mix),Yooh,gold_wolf,1,1
Phoebus,Yooh,Iamuss76,1,1
Tribal Trial,Yooh,GDWither,1,1
Do Not Forget the Tears that Day (Xystran Remix),You,KindClutch & Ea_Crazed,1,1
Hold Angel,you,WaterBottle317,1,1
Love light,you,EA_Crazed,1,1
Melancholia,You,WaterBottle317,1,1
Secrect You,You,KindClutch,1,1
Shiawase Transmission,You,KindClutch,1,1
Trance of Scar,You,KindClutch,1,1
Los Los Los,Youjo Senki,mm1678YT,1,1
antilife,YST,GDWither,1,1
Future Candy,YUC'e,OKM4eu,1,1
macaron moon,YUC'e,HaxagonYT,1,1
Sunset Tea Cup,YUC'e,M4eu,1,1
EGOISM 440,Yuichi Asami,Crucru03,1,1
Super Nuko World,Yuikonnu & Ayaponzu,Plxsma_RBLX,1,1
Ghost Rule,Yuikonnu,mm1678YT,1,1
Houkago Stride,yuikonnu,EA_Crazed,1,1
My Red H3ad Girl,Yuiphex,KindClutch,1,1
FREEF4LL,YUKIYANAGI,EA_Crazed,1,1
Lyrith -Meikyuu Lyrith-,yumemidoll,DyamoDash,1,1
Captain with a Dream lol,yung walnut,Crucru03,1,1
flower,yung walnut,Crucru03,1,1
tips,yung walnut,Crucru03,1,1
when the pizza rolls are done,yung walnut,Crucru03,1,1
Kokoro Float,Yunomi ft. nimoq,AddictedToping,1,1
Indoor Kei Nara Trackmaker,Yunomi & nicamoq,AddictedToping,1,1
The Xmas Lovely Day Remix,Yunomi,senpai12,1,1
Tokyo Snorkel ft. nicamoq,Yunomi,superluigizero,1,1
Wakusei Rabbit,Yunomi,TotoPowah & BasedNA,1,1
ジェリーフィッシュ,Yunomi,Neko_Mao,1,1
Kyoumen no Nami,YURiKA,Crucru03,1,1
Fanboy and Chum Chum but its Megalovania,Yuuto Ichika,Username_NotRequired,1,1
YUKINOFUNK,Yvklnx Mlyvzvwv,Azurlexx,1,1
MAXX UNLIMITED,Z,Crucru03,1,1
Braver,ZAQ,UsernameNotRequired,1,1
Serendipity,ZAQ,UsernameNotRequired,1,1
His world,Zebrahead,diamondKing6432,1,1
Fallen,Zekk,BasedSammy,1,1
Monstrous Turtles!,"zircon, Koji K.",Username_NotRequired,1,1
Resurrected,Zomboy,BasedSammy & ob1cb,1,1
drag me with you,zooloo75,Crucru03,1,1
AEOnian,ZYZYX,username21username21,1,1
EXILE,-45,gold_wolf,1,1
G e n g a o z o (INNOCENT NOIZE's -Noice of Nocent- remix),-45,ZitroNitro,1,1
CHAOS,Æsir,eipcness99,1,1
CHAOS (Corrupted Remix),Æsir,eipcness99,1,1
V.,Æsir,eipcness99,1,1
V. (Corrupted Mix),Æsir,eipcness99 & reallyawesomestuff,1,1
Achiga,睡眠,Iamuss76,1,1
Prologue Starting From Here,ああああ,Naoriwa,1,1
ΣgØ,かぼちゃ,Azurlexx,1,1
ΣmbryØ,かぼちゃ,DyamoDash,1,1
A↑ba↓ba→ba→ba↓ba↑ba↓ba↓ba↑ba→ba→,限界千秋楽,DyamoDash,1,1
SAILOR OF EXTRATONE-ちゆり、14400BPMに突入す,さきむらりゅう VS Аутумн леавес,DyamoDash,1,1
